index,rank,gold_left,traits_count,total_damage_to_players,Set6_Academy,Set6_Arcanist,Set6_Assassin,Set6_Bodyguard,Set6_Bruiser,Set6_Challenger,Set6_Chemtech,Set6_Colossus,Set6_Clockwork,Set6_Cuddly,Set6_Enchanter,Set6_Enforcer,Set6_Glutton,Set6_Imperial,Set6_Innovator,Set6_Mercenary,Set6_Mutant,Set6_Protector,Set6_Scholar,Set6_Scrap,Set6_Sister,Set6_Sniper,Set6_Socialite,Set6_Syndicate,Set6_Transformer,Set6_Twinshot,Set6_Yordle
0,4,1,10,45,0,0,0,0,0,0,0,1,0,0,0,0,0,2,0,0,0,1,0,0,0,0,1,0,0,0,0
1,3,11,10,69,0,0,0,0,1,0,0,0,0,0,0,0,1,0,0,2,0,0,0,0,0,1,0,0,0,2,0
2,7,1,6,26,0,1,0,0,0,0,0,0,0,0,0,0,0,0,0,0,0,0,0,0,0,0,0,2,0,0,0
3,8,1,7,0,0,0,0,0,2,0,0,0,0,0,0,0,0,0,0,0,1,0,0,0,0,0,0,0,0,0,0
4,1,2,8,86,0,0,2,0,1,0,1,0,0,0,0,0,0,0,0,0,0,0,0,0,0,0,0,0,0,0,0
5,2,2,12,117,2,1,0,1,0,1,0,0,0,0,0,0,0,0,0,0,0,0,0,0,0,0,3,0,0,0,0
6,5,6,9,39,0,0,0,0,2,0,2,0,0,0,0,0,0,0,0,0,1,0,0,1,1,0,0,0,0,1,0
7,6,21,9,23,1,0,0,0,0,1,0,0,0,0,0,0,0,0,0,1,0,0,0,0,0,0,0,0,0,0,0
8,4,13,10,98,0,0,0,0,0,0,0,1,0,0,0,0,0,1,0,0,0,0,0,0,0,0,3,0,0,0,0
9,3,47,9,137,0,0,1,0,0,3,0,0,0,0,0,0,0,1,0,0,0,0,0,0,0,0,0,0,0,0,0
10,6,2,12,104,0,0,0,0,2,0,1,0,0,0,0,0,1,0,0,3,0,0,0,0,0,0,0,0,0,1,0
11,7,14,13,67,0,0,0,0,0,0,0,0,0,1,1,0,0,0,0,0,0,0,1,0,0,0,2,0,0,0,0
12,5,34,11,97,0,0,0,0,1,0,1,0,0,1,0,0,0,0,0,1,1,0,0,0,0,1,0,0,0,1,0
13,8,24,10,43,0,0,0,1,0,0,0,0,0,0,0,0,0,0,0,0,0,0,0,0,0,1,0,0,0,0,0
14,2,1,17,146,1,0,0,0,1,0,0,0,1,1,1,1,1,0,0,0,0,0,1,1,1,0,0,0,1,0,0
15,1,13,13,156,0,0,0,0,0,1,0,0,0,0,0,1,0,0,0,0,2,0,0,0,0,0,3,0,1,0,0
16,7,32,14,53,1,0,0,0,1,0,0,0,0,1,0,0,0,0,0,0,0,0,0,0,0,0,1,0,0,0,0
17,1,1,12,181,3,0,0,1,0,0,0,0,0,0,0,0,0,0,0,0,0,0,0,0,0,0,3,0,1,0,0
18,5,1,9,118,0,2,0,0,0,0,0,0,0,0,2,0,0,0,0,0,0,0,1,1,0,0,0,0,0,0,2
19,4,41,9,108,0,1,0,0,0,0,0,0,0,0,2,0,0,0,0,0,0,0,1,1,0,0,0,0,0,0,2
20,8,1,11,74,2,0,0,1,0,2,0,0,0,0,0,0,0,0,0,0,0,0,0,0,0,0,0,0,0,0,0
21,2,0,9,130,0,0,0,0,0,4,0,0,1,0,0,0,0,0,0,0,0,0,0,0,0,0,0,0,0,0,0
22,3,18,10,90,4,0,0,0,0,0,0,0,0,1,0,0,0,0,0,0,0,1,0,0,0,0,0,0,0,0,0
23,6,0,10,61,0,0,0,0,1,4,0,0,0,0,0,1,0,0,0,1,0,0,0,0,0,0,0,0,0,0,0
24,6,1,10,36,0,0,0,0,1,0,0,0,0,0,0,0,0,0,0,1,0,0,0,0,0,0,0,0,0,2,0
25,2,0,9,190,0,0,0,0,0,3,0,0,0,0,0,0,0,1,0,0,0,0,0,0,0,0,0,0,0,0,0
26,4,21,10,103,0,0,0,0,1,0,0,0,0,0,0,0,1,0,0,2,0,0,0,0,0,1,0,0,0,2,0
27,5,1,11,67,2,0,0,1,0,1,0,0,0,0,1,0,0,0,0,0,0,0,0,0,0,0,2,0,0,0,0
28,8,20,12,38,0,0,0,0,1,0,0,0,0,0,1,0,0,0,0,0,2,0,0,0,0,0,2,0,0,0,0
29,7,1,12,80,0,0,0,0,0,0,0,0,0,1,0,0,0,2,0,0,0,0,0,0,0,0,2,0,0,0,0
30,1,74,9,188,0,1,0,0,0,0,0,0,0,0,1,0,0,0,0,0,0,0,1,1,0,0,0,0,0,0,2
31,3,1,9,124,0,0,0,0,1,0,0,1,0,0,0,0,0,0,0,0,2,1,0,0,0,0,0,0,0,0,0
32,4,18,8,100,0,1,1,1,0,0,0,0,0,0,0,0,0,0,0,0,0,0,0,0,0,0,0,3,0,0,0
33,7,2,8,65,1,0,0,0,0,3,0,0,0,0,0,0,0,0,0,0,0,0,0,0,0,0,0,0,0,0,0
34,1,29,11,191,1,0,0,0,1,1,0,0,0,1,0,0,0,0,0,0,2,1,0,0,0,0,0,0,0,0,0
35,2,0,11,172,0,0,1,0,1,0,3,0,0,0,0,0,1,0,0,0,0,0,0,0,0,0,1,0,0,0,0
36,6,3,11,53,0,3,0,0,0,0,0,0,0,0,0,0,0,0,0,0,0,0,0,1,0,0,0,0,0,0,0
37,5,0,12,114,0,0,0,0,1,0,1,0,0,0,0,0,1,0,0,2,0,0,1,0,0,0,0,0,0,1,0
38,3,0,10,101,0,0,0,0,3,0,1,0,0,0,0,0,0,0,0,0,1,0,0,1,1,0,0,0,0,0,0
39,8,0,12,0,0,2,0,0,0,0,0,0,0,0,0,0,0,0,0,0,0,0,0,0,0,0,0,0,0,0,0
40,1,11,12,169,0,0,0,0,1,0,0,0,0,0,0,0,1,0,0,1,2,0,0,0,0,1,3,0,0,1,0
41,6,1,8,52,0,2,0,0,0,0,0,0,0,0,0,0,0,0,0,0,0,0,0,0,0,0,0,0,0,0,2
42,3,0,10,131,0,0,0,0,1,3,0,0,0,0,0,0,1,0,0,0,0,0,0,0,0,0,0,0,0,0,0
43,5,1,9,101,3,0,0,1,0,0,0,0,0,0,0,0,0,0,0,0,0,2,0,1,0,0,0,0,0,1,0
44,4,2,8,112,0,2,0,0,0,0,0,0,0,0,1,0,0,0,0,0,0,0,1,1,0,0,0,0,0,0,2
45,8,45,10,55,4,0,0,0,0,0,0,0,0,0,0,0,0,0,0,0,0,0,0,0,0,0,3,0,0,0,0
46,7,41,9,62,0,2,0,0,1,1,0,0,0,0,0,0,0,0,0,0,2,0,0,0,0,0,1,0,0,0,0
47,2,0,11,140,0,2,0,0,1,0,0,0,0,0,0,0,0,0,0,0,2,0,0,0,0,0,1,0,0,0,0
48,1,3,8,215,1,0,2,2,0,0,0,0,0,1,0,0,0,0,0,0,0,0,1,1,0,0,0,3,0,0,0
49,5,27,11,66,1,0,0,1,1,0,0,0,0,0,0,1,0,0,0,0,1,1,0,0,1,1,0,0,0,2,0
50,7,6,9,39,0,0,0,0,2,1,0,0,1,0,0,1,0,0,0,1,0,0,0,0,0,1,0,0,0,0,0
51,6,1,11,70,0,0,0,0,1,0,0,0,0,0,1,0,0,0,0,2,0,0,0,0,0,0,3,0,0,1,0
52,3,17,11,124,0,1,0,0,0,0,0,0,0,1,0,0,0,0,0,0,0,0,2,0,0,0,0,0,0,0,2
53,8,45,9,25,0,0,0,0,3,0,0,0,0,0,0,0,1,0,0,3,1,0,0,0,0,1,2,0,0,1,0
54,2,1,12,173,1,3,0,0,0,0,0,0,0,1,0,0,0,0,0,0,0,0,1,0,0,0,0,0,0,0,0
55,4,5,11,117,0,1,0,1,0,0,0,0,0,0,0,0,0,0,0,0,0,0,0,0,0,0,1,0,0,0,2
56,5,20,9,107,0,1,0,1,0,0,0,0,0,0,0,0,0,0,0,0,0,0,1,0,0,0,0,0,0,0,2
57,4,2,13,99,0,0,0,0,2,0,0,0,0,0,0,1,1,0,0,0,0,0,0,3,1,0,0,0,0,0,0
58,2,3,16,113,0,0,0,1,0,0,0,0,0,0,0,0,1,0,0,1,0,0,0,0,0,0,3,0,1,1,0
59,6,36,10,59,0,0,0,0,1,0,0,0,0,0,0,0,0,0,0,1,1,0,0,0,0,1,1,0,0,1,0
60,1,5,11,170,1,1,0,1,0,0,0,0,0,0,3,0,0,0,0,0,0,0,0,1,0,0,1,0,0,0,0
61,7,17,9,42,0,0,0,0,0,0,0,1,0,0,0,0,0,2,0,0,0,0,0,0,0,0,2,0,0,0,0
62,8,1,11,48,1,2,0,0,0,0,0,0,0,0,1,0,0,0,0,0,0,0,0,0,0,0,2,0,0,0,0
63,3,0,15,143,1,0,0,1,0,1,0,0,0,1,0,1,0,0,0,0,0,0,0,0,0,0,0,0,1,0,0
64,8,12,9,22,0,0,0,1,0,0,0,0,0,0,0,0,0,0,0,0,0,0,0,0,0,1,0,0,0,2,0
65,2,0,14,157,0,0,0,0,0,1,0,0,0,0,2,1,0,0,0,0,1,0,0,1,0,0,3,0,1,0,0
66,5,1,10,100,0,0,0,0,0,0,0,0,1,0,0,1,0,0,2,0,0,0,1,1,0,1,1,0,1,0,0
67,1,9,10,144,0,1,0,1,0,0,0,0,0,0,1,0,0,0,0,0,0,0,1,1,0,1,0,0,0,0,2
68,7,0,10,40,0,0,0,0,1,0,1,0,0,0,2,0,0,0,0,0,0,0,2,0,0,0,2,0,0,0,0
69,4,3,11,93,1,0,0,0,0,0,0,0,0,0,0,1,0,0,0,0,1,2,0,0,0,1,0,0,0,1,0
70,6,0,10,81,4,0,0,1,0,0,0,0,0,1,0,0,0,0,0,0,0,1,0,0,0,0,0,0,0,0,0
71,3,1,12,166,0,0,0,0,2,1,0,0,0,0,0,1,0,0,0,2,1,0,0,0,0,1,1,0,0,1,0
72,7,0,11,36,0,0,0,0,0,1,0,0,0,0,0,0,0,0,1,1,0,0,0,0,0,0,1,0,1,0,0
73,8,109,4,0,0,0,0,0,0,1,0,0,0,0,0,0,0,0,0,0,0,0,0,0,0,0,0,0,0,0,0
74,3,1,11,97,0,0,0,0,1,0,0,1,0,0,0,0,1,0,0,0,2,0,0,0,0,0,0,0,0,0,0
75,4,41,7,93,2,0,0,1,0,0,0,0,0,0,0,0,0,0,0,0,0,2,0,0,0,0,0,0,0,0,0
76,1,1,10,245,4,1,0,1,0,0,0,0,0,1,0,0,0,0,0,0,0,1,0,0,0,0,0,0,0,0,0
77,6,2,10,32,0,0,0,0,1,0,0,0,0,0,0,0,1,0,0,3,0,0,0,0,0,0,0,0,0,1,0
78,2,1,17,196,1,0,0,0,0,1,0,0,0,1,0,0,1,0,0,0,0,0,1,1,0,0,1,0,0,0,0
79,5,36,9,57,0,0,0,0,0,0,0,0,1,0,1,0,0,0,2,0,0,0,1,1,0,0,0,0,1,0,0
80,2,0,10,189,0,1,0,0,0,0,0,0,0,0,2,0,0,0,0,0,0,0,1,1,0,0,0,0,0,0,2
81,1,2,9,177,0,2,0,1,0,0,0,0,0,0,0,0,0,0,0,0,0,0,1,0,0,0,0,2,0,0,0
82,7,1,11,51,0,0,0,0,0,2,0,0,0,0,0,0,1,0,0,3,0,0,0,0,0,0,0,0,0,0,0
83,3,0,10,158,0,0,0,0,0,0,2,0,0,0,0,0,0,0,1,0,0,0,0,0,0,0,1,0,1,1,0
84,8,48,10,0,0,0,1,0,0,0,0,0,0,0,1,0,0,0,0,0,0,0,0,1,0,0,1,0,0,0,0
85,6,0,9,53,0,0,0,0,1,0,0,0,0,0,0,0,0,0,0,0,2,0,0,0,0,0,0,0,0,0,0
86,5,0,10,83,0,0,0,3,0,0,0,0,0,0,0,1,0,0,0,0,0,0,0,0,0,2,0,0,0,0,0
87,4,2,8,79,0,0,0,0,1,0,2,0,0,0,0,0,0,0,0,0,1,0,0,0,0,0,0,0,0,1,0
88,1,5,10,193,0,0,0,0,3,0,0,0,0,0,0,0,1,0,0,0,1,0,0,0,0,0,0,0,0,0,0
89,4,10,11,96,1,0,3,1,0,0,0,0,0,0,0,0,0,0,0,0,0,0,0,0,0,0,1,1,1,0,0
90,5,0,11,63,0,0,0,0,1,1,0,0,0,0,0,1,1,0,0,2,0,0,0,0,0,0,0,0,1,1,0
91,6,0,9,53,0,1,0,0,0,1,0,0,0,0,0,0,0,1,0,1,0,0,0,0,0,0,0,0,0,0,0
92,8,123,9,12,0,0,0,2,0,2,0,0,0,0,0,0,0,0,0,0,0,0,0,0,0,0,0,0,0,0,0
93,7,53,8,42,0,1,0,0,0,0,0,0,0,0,1,0,0,0,0,0,0,0,1,1,0,0,0,0,0,0,2
94,3,1,10,128,0,0,1,0,1,1,0,0,0,0,0,0,1,1,0,2,0,0,0,0,0,0,1,0,0,0,0
95,2,24,11,168,3,3,0,0,0,0,0,0,0,1,0,0,0,0,0,0,0,0,0,0,0,0,1,0,0,0,0
96,7,110,11,65,0,0,0,0,0,0,0,0,0,0,1,0,0,2,0,0,0,0,0,0,0,0,2,0,0,0,0
97,8,37,9,61,0,0,3,0,1,0,1,0,0,0,0,0,0,0,0,0,0,0,0,0,0,0,0,0,0,0,0
98,5,64,15,84,0,0,0,0,1,2,0,0,0,0,0,0,1,0,0,2,0,0,0,0,0,0,0,0,1,1,0
99,2,0,10,115,0,0,0,0,1,0,3,0,0,0,0,0,0,0,0,0,0,0,2,0,0,0,0,0,0,0,0
100,1,2,12,194,0,0,0,0,0,4,0,0,0,0,0,2,0,0,0,0,0,0,0,0,0,0,3,0,1,0,0
101,3,2,12,151,3,1,0,1,0,0,0,0,0,1,0,1,0,0,0,0,0,1,1,1,0,0,0,0,0,0,0
102,6,11,10,66,0,1,0,0,1,0,0,0,0,0,0,0,0,0,0,0,1,0,0,0,0,0,0,0,0,0,0
103,4,0,12,177,0,0,0,0,0,4,0,0,1,0,0,1,0,0,0,0,0,0,0,0,1,0,0,0,0,0,0
104,1,40,9,158,0,1,0,0,0,0,0,0,0,0,1,0,0,0,0,0,0,0,1,1,0,0,0,0,0,0,2
105,4,20,10,83,0,0,0,0,1,0,0,0,0,0,0,0,0,0,0,0,0,0,0,0,1,0,0,0,0,2,0
106,6,0,11,80,0,0,0,1,0,0,0,0,0,1,0,0,0,0,0,0,0,0,1,0,0,0,3,2,0,0,0
107,2,0,11,156,2,0,0,0,0,3,0,0,1,1,1,0,0,1,0,0,0,0,0,0,0,0,1,0,0,0,0
108,3,1,13,139,0,0,0,1,2,0,1,0,0,0,0,0,1,0,0,0,0,0,0,0,1,0,1,0,0,1,0
109,8,51,9,4,0,0,1,0,0,1,2,0,0,0,0,0,0,0,0,0,0,0,0,0,0,0,0,0,0,0,0
110,5,0,9,88,0,0,0,0,3,0,0,0,0,0,0,1,0,0,0,0,1,0,0,0,0,0,0,0,1,0,0
111,7,0,12,69,0,0,0,0,0,0,0,0,0,0,0,1,0,0,2,0,0,0,0,1,0,0,3,0,1,0,0
112,3,0,12,89,0,1,0,0,0,1,0,1,0,0,0,1,0,0,0,0,2,0,0,0,0,0,1,0,1,0,0
113,5,0,11,85,0,0,0,0,1,0,1,0,0,0,0,1,0,0,0,0,1,0,0,0,0,1,0,0,0,2,0
114,7,78,11,36,1,0,0,0,0,0,0,0,0,0,0,0,0,0,0,0,0,3,0,1,0,0,0,0,0,2,0
115,8,0,6,30,0,0,0,0,1,0,0,0,0,0,0,0,1,0,0,2,0,0,0,0,0,0,0,0,0,0,0
116,1,4,15,224,0,0,0,0,2,0,1,0,0,1,0,1,1,0,0,0,0,0,1,1,1,0,0,0,1,1,0
117,2,1,10,124,4,0,0,2,0,0,0,0,0,1,0,0,0,0,0,0,0,1,0,0,0,0,0,0,0,0,0
118,6,0,8,96,0,0,1,1,0,0,0,0,0,0,0,0,0,0,0,0,0,3,1,0,0,0,0,2,0,0,0
119,4,16,11,97,0,0,0,0,1,0,0,0,2,0,0,0,0,0,0,0,2,0,0,0,0,1,0,0,0,0,0
120,3,1,8,135,0,0,3,1,0,0,0,0,0,0,0,0,0,0,0,0,0,0,0,0,0,0,0,3,0,0,0
121,7,49,9,18,0,1,0,1,0,0,0,0,0,0,0,0,0,0,0,0,0,0,0,0,0,0,0,0,0,0,2
122,1,2,12,246,4,0,0,1,0,0,0,0,0,1,0,0,0,0,0,0,0,1,0,0,0,0,1,0,0,0,0
123,8,167,11,0,0,1,0,0,0,0,0,0,0,0,0,0,0,0,0,0,0,0,0,0,0,0,0,0,0,0,0
124,5,33,9,68,0,1,0,0,0,0,0,0,0,0,0,0,0,0,0,0,0,0,1,0,0,0,0,0,0,0,2
125,4,1,10,106,0,1,0,0,1,0,1,0,0,0,0,0,0,0,0,0,2,0,0,0,0,0,1,0,0,1,0
126,6,12,10,97,0,0,0,0,0,4,0,0,0,0,0,0,0,0,0,0,0,0,0,0,0,0,1,0,0,0,0
127,2,1,9,189,0,0,0,0,2,0,0,1,0,0,0,0,0,0,0,0,1,0,0,0,0,0,1,0,0,0,0
128,5,0,9,71,0,1,0,0,0,0,0,0,0,0,2,0,0,0,0,0,0,0,1,1,0,0,1,0,0,0,2
129,6,14,10,57,0,0,0,0,2,0,2,0,0,0,0,0,0,0,0,0,0,0,0,0,0,0,1,0,0,1,0
130,2,1,9,125,0,1,0,0,0,0,0,0,0,0,2,0,0,0,0,0,0,0,2,1,0,0,0,0,0,0,2
131,1,2,9,208,0,0,0,0,0,4,0,0,0,0,0,0,0,1,0,0,0,0,0,0,0,0,0,0,0,0,0
132,4,8,11,82,0,1,0,0,0,0,0,0,0,0,2,0,0,0,0,0,0,0,1,1,0,0,1,0,0,0,2
133,7,61,11,57,1,0,0,0,0,1,0,0,0,1,1,0,0,0,0,0,0,0,1,0,0,0,3,0,0,0,0
134,3,1,10,98,0,0,0,0,1,0,0,1,0,0,0,0,0,0,0,0,2,4,0,0,0,0,0,0,0,0,0
135,8,49,10,45,0,0,0,0,0,0,0,0,2,0,1,0,0,0,0,0,0,0,0,0,0,1,2,0,0,0,0
136,6,31,8,67,3,0,0,1,0,0,0,0,0,0,0,0,0,0,0,0,0,2,0,0,0,0,0,0,0,0,0
137,2,1,9,135,0,0,1,2,0,0,0,0,0,0,0,0,0,0,0,0,0,0,0,1,0,0,1,3,0,0,0
138,4,24,15,85,0,0,0,0,2,0,0,0,0,0,0,1,1,0,0,0,0,0,0,1,1,0,0,0,1,1,0
139,5,66,10,69,0,0,0,0,1,0,0,0,0,0,0,0,1,0,0,2,0,0,0,0,0,1,0,0,0,2,0
140,7,2,8,56,0,0,0,0,0,0,0,1,0,0,0,0,0,0,0,0,1,1,0,0,0,0,0,0,0,0,0
141,8,1,7,22,0,1,0,0,0,0,0,0,0,0,1,0,0,0,0,0,0,0,1,1,0,0,0,0,0,0,1
142,3,1,8,85,3,0,1,1,0,0,0,0,0,0,0,0,0,0,0,0,0,1,0,0,0,0,0,0,0,0,0
143,1,2,11,246,0,2,0,0,0,0,0,0,1,1,2,0,0,0,0,0,0,0,1,1,0,0,1,0,0,0,0
144,5,2,11,96,0,0,0,0,3,0,0,0,0,0,0,0,0,0,0,0,2,0,0,0,0,0,0,0,1,0,0
145,4,10,8,122,1,3,0,1,0,0,0,0,0,0,0,0,0,0,0,0,0,0,0,0,0,0,0,0,0,0,1
146,1,5,10,166,0,0,0,0,1,0,2,0,0,0,1,0,0,0,0,0,0,0,1,1,0,0,0,0,0,1,0
147,2,1,11,170,3,2,1,0,0,1,0,0,0,1,0,0,0,0,0,0,0,0,0,0,0,0,0,0,0,0,0
148,8,1,5,4,0,1,0,0,0,0,0,0,0,0,0,0,0,0,0,0,0,0,0,0,0,0,0,1,0,0,0
149,3,31,12,114,1,4,0,0,0,0,0,0,0,1,0,0,0,0,0,0,0,0,0,0,0,0,2,0,0,0,0
150,7,1,9,39,0,1,0,0,0,0,0,0,0,0,1,0,0,0,0,0,0,0,0,0,0,0,2,0,0,0,2
151,6,40,9,62,0,1,0,1,0,0,0,0,0,0,0,0,0,0,0,0,0,0,1,0,0,0,0,0,0,0,2
152,8,41,16,45,0,0,0,0,1,0,0,0,1,1,0,1,1,0,0,0,0,0,0,0,1,0,1,0,1,0,0
153,6,13,8,64,0,1,0,0,0,0,0,0,0,0,1,0,0,0,0,0,0,0,1,1,0,0,0,0,0,0,2
154,3,4,11,115,0,0,0,0,2,0,0,0,0,0,0,0,1,0,0,1,0,0,0,0,1,0,0,0,0,3,0
155,1,1,10,175,4,0,0,1,0,0,0,0,0,1,0,0,0,0,0,0,0,1,0,0,0,0,0,0,0,0,0
156,5,1,12,98,0,0,0,0,0,0,0,0,1,0,0,0,0,0,2,0,0,0,0,0,0,0,1,0,1,0,0
157,2,13,11,179,0,0,0,0,1,0,0,0,0,0,0,0,1,0,0,2,0,0,0,0,1,1,0,0,0,3,0
158,7,1,9,49,0,0,0,0,2,0,0,0,0,0,0,0,0,0,0,0,2,0,0,0,0,0,0,0,0,0,0
159,4,14,10,116,0,0,0,0,0,0,0,0,1,0,3,0,0,0,3,0,0,0,1,1,0,0,2,0,1,0,0
160,8,41,13,13,0,1,0,0,1,0,0,0,0,0,0,0,0,0,0,0,0,1,1,3,1,0,0,0,0,0,0
161,2,1,12,120,0,0,0,0,0,0,0,0,0,0,0,1,0,0,3,0,0,0,0,0,0,0,2,0,1,0,0
162,1,2,11,248,1,4,0,0,0,0,0,0,0,1,0,0,0,0,0,0,0,0,1,0,0,0,1,0,0,0,0
163,5,0,8,80,0,1,0,0,0,0,0,0,0,0,0,0,0,0,1,0,0,0,0,1,0,0,0,0,0,0,1
164,4,116,10,76,0,0,0,0,0,0,3,0,0,0,0,0,0,0,0,0,0,0,0,0,0,0,1,0,0,0,0
165,6,1,8,68,0,0,0,0,1,1,0,0,0,0,0,0,1,0,0,2,1,0,0,0,0,1,0,0,0,1,0
166,7,3,9,33,2,0,3,0,0,0,0,0,0,0,0,0,0,0,0,0,0,0,0,0,0,0,1,0,0,0,0
167,3,7,13,91,0,0,0,0,0,0,1,0,0,1,0,0,0,0,2,0,0,0,2,1,0,0,1,0,0,0,0
168,1,2,11,197,1,0,0,0,1,0,0,0,0,0,0,1,0,0,0,0,1,2,0,0,0,1,0,0,0,1,0
169,4,1,11,112,0,0,0,0,1,2,0,0,0,0,0,0,0,0,0,2,0,0,0,0,0,0,0,0,0,1,0
170,5,1,10,79,0,0,0,0,1,0,0,0,0,0,0,0,1,0,0,0,2,0,0,0,0,0,0,0,0,1,0
171,7,10,7,31,0,0,1,1,0,0,0,0,0,0,0,0,0,0,0,0,0,0,1,1,0,0,0,2,0,0,0
172,6,2,7,79,1,0,3,1,0,0,0,0,0,0,0,0,0,0,0,0,0,0,0,0,0,0,0,1,0,0,0
173,3,0,8,163,0,1,0,0,1,0,1,0,0,0,0,0,0,0,0,0,2,0,0,0,0,0,0,0,0,0,0
174,2,1,9,151,0,0,0,0,1,1,0,0,0,0,0,0,1,0,0,2,2,1,0,0,0,1,0,0,0,1,0
175,8,3,11,18,0,0,0,1,0,1,0,0,0,0,0,0,0,0,0,1,0,0,0,0,0,0,2,0,0,0,0
176,2,0,15,156,1,0,0,0,1,0,0,0,0,1,0,1,1,0,0,2,0,0,1,0,1,0,0,0,1,1,0
177,5,14,8,60,0,0,0,0,1,0,3,0,0,0,0,0,0,0,0,0,0,0,0,0,0,0,0,0,0,0,0
178,6,1,9,54,0,1,0,1,0,0,0,0,0,0,0,0,0,0,0,0,0,0,0,0,0,0,0,0,0,0,2
179,3,1,11,113,0,0,0,0,0,0,0,0,0,0,3,0,0,0,1,0,0,0,2,0,0,0,3,0,1,0,0
180,1,2,10,179,0,0,0,3,0,0,0,0,0,0,3,0,0,0,0,0,0,0,0,1,0,0,1,0,0,0,0
181,8,109,6,0,1,0,0,0,0,0,0,0,0,0,0,0,0,0,0,0,0,0,0,0,0,0,1,0,0,0,0
182,4,1,11,126,1,0,0,0,1,2,0,0,0,0,0,1,1,0,0,3,0,0,0,0,0,0,0,0,0,0,0
183,7,27,16,62,0,0,0,0,0,0,0,0,1,0,4,1,1,0,0,0,0,0,0,0,0,1,1,0,1,0,0
184,7,30,8,44,0,0,0,0,1,0,0,0,0,0,0,0,1,0,0,2,0,0,0,0,0,1,0,0,0,1,0
185,5,13,11,51,0,0,0,0,1,0,2,0,0,0,0,0,0,0,0,0,0,0,0,0,0,0,1,0,0,1,0
186,1,1,12,209,1,0,0,0,1,0,2,0,0,1,0,0,0,0,0,0,0,0,1,0,1,0,0,0,0,2,0
187,2,10,8,169,0,0,3,1,0,0,0,0,0,0,1,0,0,0,0,0,0,0,1,1,0,0,2,2,0,0,0
188,8,71,8,4,0,0,0,0,0,0,0,0,0,0,0,0,0,0,0,0,1,1,0,0,0,0,0,0,0,0,0
189,3,0,10,128,0,0,0,0,1,0,0,0,0,0,0,0,0,0,0,0,2,0,0,0,0,1,1,0,0,1,0
190,4,51,9,98,0,3,0,1,0,0,0,0,0,0,0,0,0,0,0,0,0,0,0,0,0,0,0,0,0,0,2
191,6,89,8,56,1,0,0,0,0,0,0,0,0,0,0,1,0,0,0,0,0,2,0,0,0,1,0,0,0,1,0
192,1,2,8,231,3,1,1,0,0,1,0,0,0,0,0,0,0,0,0,0,0,0,0,0,0,0,0,0,0,0,0
193,4,4,10,96,0,1,0,0,0,0,0,0,0,0,1,0,0,0,0,0,0,0,0,0,0,0,1,0,0,0,2
194,8,97,6,0,0,0,0,0,0,0,0,0,0,0,1,0,0,0,0,0,0,0,0,0,0,0,0,0,0,0,1
195,7,4,9,41,0,0,0,0,1,0,0,1,0,0,0,0,0,0,0,0,2,1,0,0,0,0,0,0,0,0,0
196,3,20,9,178,0,0,0,0,2,1,0,0,0,0,0,0,1,0,0,3,1,0,0,0,0,1,0,0,0,1,0
197,2,1,11,190,0,0,0,0,1,1,0,0,0,0,0,1,0,0,0,0,1,0,0,0,1,0,0,0,0,2,0
198,6,53,9,65,0,0,0,0,1,1,0,0,0,0,0,1,0,0,0,1,0,0,0,0,0,2,0,0,0,1,0
199,5,0,14,63,0,0,0,0,0,0,0,0,1,1,2,0,0,0,0,0,0,0,1,0,0,1,1,0,1,0,0
200,1,10,11,139,0,0,0,0,1,2,0,0,0,0,0,0,1,0,0,3,0,0,0,0,0,1,0,0,0,0,0
201,5,25,12,84,0,0,0,0,0,0,0,0,0,0,0,0,0,0,3,0,0,0,1,2,0,0,0,0,1,0,0
202,7,53,10,109,0,0,0,0,3,0,1,0,0,0,0,0,0,0,0,0,0,0,0,1,1,0,0,0,0,2,0
203,2,33,13,107,0,0,0,0,0,0,0,0,0,0,0,1,0,0,0,1,0,0,0,1,1,1,0,0,1,3,0
204,4,0,9,101,0,0,0,0,3,0,0,0,0,0,0,0,1,0,0,0,2,0,0,0,0,0,0,0,0,0,0
205,6,31,12,87,0,0,0,0,0,0,0,0,0,1,1,0,0,0,3,0,0,0,2,0,0,0,2,0,1,0,0
206,3,1,9,118,0,2,0,0,2,0,1,0,0,0,0,0,0,0,0,0,2,0,0,0,0,0,0,0,0,0,0
207,8,35,10,36,0,0,0,0,3,0,0,1,0,0,0,0,1,0,0,0,0,0,0,0,0,0,0,0,0,0,0
208,8,21,9,25,0,1,0,1,0,0,0,0,0,0,1,0,0,0,0,0,0,0,0,0,0,0,1,0,0,0,2
209,3,2,11,90,1,0,0,0,1,0,0,0,0,0,0,1,0,0,0,0,1,2,0,0,0,1,0,0,0,1,0
210,7,2,10,78,0,0,0,0,0,3,0,0,1,0,2,0,0,0,0,0,0,0,0,0,0,0,3,0,0,0,0
211,6,18,10,50,0,1,0,0,0,0,0,0,0,0,0,0,0,0,0,0,0,0,1,0,0,0,0,0,0,0,2
212,5,0,7,80,1,0,3,0,0,1,0,0,0,0,0,0,0,0,0,0,0,0,0,0,0,0,0,0,0,0,0
213,1,20,9,185,0,0,2,0,1,1,2,0,0,0,0,0,0,0,0,0,0,0,0,0,0,0,0,0,0,0,0
214,4,3,8,108,0,1,0,0,0,0,0,0,0,0,1,0,0,0,0,0,0,0,1,1,0,0,0,0,0,0,2
215,2,1,10,122,0,1,0,0,1,0,0,0,0,0,0,0,0,0,0,0,2,0,0,0,0,0,1,0,0,0,0
216,7,2,11,42,0,0,0,0,1,1,0,0,0,0,0,0,0,0,0,2,0,0,0,0,0,0,2,0,0,0,0
217,8,51,7,21,0,0,1,1,0,0,0,0,0,0,0,0,0,0,0,0,0,0,0,0,0,0,1,2,0,0,0
218,5,37,10,129,0,1,0,0,0,0,0,0,0,0,1,0,0,0,0,0,0,0,1,1,0,0,0,0,0,0,2
219,1,3,10,170,0,0,0,0,2,0,0,0,0,0,0,0,1,0,0,1,1,0,0,0,0,0,0,0,0,2,0
220,3,0,11,133,1,0,0,0,0,2,0,0,0,0,1,0,0,0,0,0,0,0,0,0,0,0,2,0,0,0,0
221,6,1,11,102,1,3,0,0,0,0,0,0,0,0,1,0,0,0,0,0,0,0,0,0,0,0,1,0,0,0,0
222,2,2,12,175,0,0,0,0,1,0,4,0,0,0,0,0,1,0,0,0,0,0,0,0,0,0,1,0,0,0,0
223,4,0,9,70,0,1,0,0,0,0,0,0,0,0,2,0,0,0,0,0,0,0,0,0,0,0,1,0,0,0,2
224,7,35,10,57,0,0,0,0,1,0,0,0,1,0,2,1,0,0,0,0,0,0,0,0,0,1,1,0,0,0,0
225,2,2,9,130,0,1,0,0,0,0,0,0,0,0,1,0,0,0,0,0,0,0,1,1,0,0,0,0,0,0,2
226,4,1,9,74,0,0,0,0,0,3,0,0,0,0,0,0,1,0,0,0,0,0,0,0,0,0,0,0,0,0,0
227,8,137,6,4,0,0,0,0,0,0,0,0,0,0,0,0,0,0,0,1,0,0,0,0,0,0,0,0,0,0,0
228,5,1,8,61,0,1,0,0,0,0,0,0,0,0,0,0,0,0,0,0,0,0,1,0,0,0,0,0,0,0,2
229,1,1,9,195,0,0,2,1,0,0,0,0,0,0,0,0,0,0,0,0,0,0,0,0,0,0,1,3,0,0,0
230,3,3,10,146,0,0,0,0,1,1,0,0,0,0,0,0,1,0,0,2,0,0,0,0,0,1,2,0,0,2,0
231,6,3,12,68,0,1,0,0,0,0,0,0,0,0,0,0,1,0,0,0,0,0,1,0,0,1,0,0,0,0,2
232,8,1,8,15,0,1,0,0,1,0,1,0,0,0,0,0,0,0,0,0,2,2,0,0,0,0,0,0,0,0,0
233,6,0,16,66,0,0,0,0,1,0,0,0,1,1,1,1,1,0,0,0,0,0,1,0,0,0,0,0,1,0,0
234,1,42,10,134,3,1,1,1,0,0,0,0,0,1,0,0,0,0,0,0,0,3,0,0,0,0,0,0,0,0,0
235,3,1,9,139,0,1,0,0,0,0,0,0,0,0,1,0,0,0,0,0,0,0,1,1,0,0,0,0,0,0,2
236,5,0,10,118,0,0,0,1,1,0,1,0,0,0,4,0,0,0,0,0,0,0,1,0,0,0,2,0,0,0,0
237,4,11,10,106,0,0,0,0,1,0,3,0,0,0,0,0,1,0,0,0,0,0,0,0,0,0,0,0,0,0,0
238,2,0,10,166,0,0,0,0,1,0,2,0,0,0,1,0,0,0,0,0,0,0,1,1,0,0,0,0,0,1,0
239,7,0,8,70,0,0,0,0,2,1,0,0,0,0,0,0,0,0,0,2,2,0,0,0,0,0,0,0,0,0,0
240,4,1,8,70,0,0,0,0,0,3,0,0,0,0,0,0,0,1,0,0,0,0,0,0,0,0,0,0,0,0,0
241,3,1,8,131,0,1,3,1,0,0,0,0,0,0,0,0,0,0,0,0,0,0,0,0,0,0,0,2,0,0,0
242,2,1,10,121,0,1,1,0,0,1,0,0,0,0,0,0,0,2,0,0,1,0,0,0,0,0,1,0,0,0,0
243,5,1,14,101,0,0,0,0,1,0,0,0,0,0,0,2,1,0,0,0,0,0,0,0,0,2,0,0,1,0,0
244,8,1,10,35,0,0,0,0,2,0,0,0,0,0,0,0,0,0,0,0,2,0,0,0,0,0,0,0,0,0,0
245,1,1,12,199,0,0,0,0,1,1,0,0,2,0,1,0,1,0,0,2,0,0,0,1,0,1,0,0,0,1,0
246,7,7,14,102,0,0,0,0,1,0,2,0,0,0,1,0,1,0,0,0,0,0,0,0,0,0,0,0,1,0,0
247,6,22,9,91,1,0,0,0,0,1,0,0,0,0,0,0,0,1,0,0,0,4,0,0,0,0,0,0,0,0,0
248,7,0,6,43,0,3,0,0,0,0,0,0,0,0,0,0,0,0,0,0,0,0,0,0,0,0,0,0,0,0,0
249,2,8,11,160,0,0,0,0,0,3,0,0,1,0,0,1,0,0,0,0,0,0,0,0,0,0,1,0,1,0,0
250,4,4,9,55,3,0,1,0,0,0,0,0,0,1,0,0,0,0,0,0,0,0,0,0,0,0,0,0,0,2,0
251,1,3,11,279,0,3,0,0,0,0,0,0,0,0,0,0,0,0,0,0,2,0,0,0,0,0,1,0,0,0,0
252,5,1,9,39,0,1,1,0,1,0,3,0,0,0,0,0,0,0,0,0,0,0,0,0,0,0,0,0,0,1,0
253,6,0,8,41,0,1,0,0,0,0,0,0,0,0,0,0,0,0,0,0,0,0,0,0,0,0,0,0,0,0,2
254,8,49,8,22,0,1,0,0,0,0,0,0,0,0,0,0,0,0,0,0,0,0,0,0,0,0,0,0,0,0,2
255,3,2,11,82,2,0,2,1,0,1,0,0,0,1,0,0,0,0,0,0,0,0,0,1,0,0,0,0,0,0,0
256,4,2,6,103,1,1,3,1,0,0,0,0,0,0,0,0,0,0,0,0,0,0,0,0,0,0,0,3,0,0,0
257,2,6,9,173,0,0,0,0,0,3,0,0,2,0,0,1,0,0,0,0,0,0,0,0,0,0,0,0,0,0,0
258,5,26,9,76,0,2,0,0,1,0,0,0,0,0,0,0,0,0,0,0,2,0,0,0,0,0,0,0,0,0,0
259,3,6,9,111,2,1,1,3,0,0,0,0,0,1,0,0,0,0,0,0,0,0,0,0,0,0,0,1,0,0,0
260,7,12,13,47,1,0,0,0,0,1,0,0,0,1,0,0,0,0,0,1,0,0,1,0,0,0,1,0,0,0,0
261,1,47,11,226,0,1,0,1,0,0,0,0,0,0,0,0,0,0,0,0,0,0,0,0,0,0,1,0,0,0,2
262,8,52,12,12,0,0,0,0,0,0,0,0,0,0,0,0,0,0,1,0,0,0,1,1,0,0,0,0,0,0,0
263,6,29,8,92,0,0,0,0,3,0,0,0,0,0,0,0,0,0,0,0,0,0,0,0,0,0,1,0,0,0,0
264,5,24,11,53,1,0,0,1,0,1,0,0,1,0,2,0,0,0,0,0,0,0,0,1,0,0,1,0,0,0,0
265,8,0,11,22,1,4,0,0,0,0,0,0,0,0,0,0,0,0,0,0,0,0,0,0,0,0,0,0,1,0,0
266,3,0,7,149,0,1,1,1,0,0,0,0,0,0,0,0,0,0,0,0,0,0,0,0,0,0,0,3,0,0,0
267,7,1,8,25,0,0,1,0,0,1,0,0,0,0,0,0,0,1,0,0,0,0,0,0,0,0,0,0,0,0,0
268,1,22,13,209,0,0,0,0,1,0,0,0,0,0,0,1,1,0,0,1,0,0,0,0,1,1,0,0,1,3,0
269,2,0,8,159,0,0,0,0,0,0,0,0,1,0,2,0,0,0,2,0,0,0,1,1,0,0,2,0,0,0,0
270,6,4,11,47,0,0,0,0,0,0,0,0,0,0,2,0,0,0,0,0,0,0,0,0,0,0,2,0,0,0,0
271,4,3,10,77,0,1,0,0,0,0,0,0,0,0,0,0,0,0,0,0,0,0,1,0,0,0,0,0,0,0,2
272,3,0,11,163,0,0,0,0,0,2,0,0,0,0,0,1,0,0,0,2,0,0,0,0,0,0,0,0,1,0,0
273,7,50,11,45,0,0,0,0,1,0,0,0,0,0,0,0,0,0,0,1,0,0,0,0,1,1,0,0,0,2,0
274,5,0,9,61,0,1,0,0,0,0,0,0,0,0,1,0,0,0,0,0,0,0,0,0,0,0,1,0,0,0,2
275,1,0,8,151,0,1,0,0,0,0,0,0,0,0,0,0,0,0,0,0,0,0,0,0,0,1,0,0,0,0,2
276,2,1,12,157,3,0,0,0,0,0,0,0,0,1,0,0,0,0,0,0,0,0,0,0,0,0,0,0,1,0,0
277,4,0,9,112,0,1,0,0,0,0,0,0,0,0,0,0,0,0,0,0,0,0,0,0,0,0,0,0,0,0,2
278,8,103,9,50,0,0,0,0,0,0,1,0,0,0,0,0,0,0,0,0,0,0,0,0,0,0,1,1,0,0,0
279,6,55,7,82,0,0,1,1,0,0,0,0,0,0,0,0,0,0,0,0,0,0,0,0,0,0,1,3,0,0,0
280,3,47,9,160,0,1,0,0,0,0,0,0,0,0,0,0,0,0,0,0,0,0,0,0,0,0,0,0,0,0,2
281,5,0,9,54,0,0,2,1,0,0,0,0,0,0,0,0,0,0,0,0,0,0,1,0,0,0,0,2,1,0,0
282,6,35,8,76,0,1,0,1,0,1,0,0,0,0,0,0,0,0,0,0,0,0,0,0,0,0,0,2,0,0,0
283,4,0,10,110,1,3,0,0,0,0,0,0,0,1,0,0,0,0,0,0,0,0,1,1,0,0,0,0,0,0,0
284,7,0,10,47,0,0,0,0,2,0,0,0,0,0,0,0,1,0,0,2,0,0,0,0,0,1,0,0,0,1,0
285,8,14,8,37,2,0,0,1,0,0,0,0,0,0,0,0,0,0,0,0,0,3,0,0,0,0,0,0,0,0,0
286,2,0,8,104,0,0,2,0,0,0,0,0,0,0,0,0,0,1,0,0,0,0,0,0,0,0,1,0,0,0,0
287,1,10,11,237,0,0,0,0,1,0,4,0,0,0,0,0,1,0,0,0,0,0,0,0,0,0,0,0,0,0,0
288,2,1,11,134,1,1,0,0,0,0,0,0,0,0,0,0,0,0,0,0,2,2,0,0,0,0,1,0,0,1,0
289,7,0,8,44,0,0,0,0,1,0,3,0,0,0,0,0,0,0,0,0,0,0,0,0,0,0,0,0,0,0,0
290,6,26,9,56,0,2,0,0,0,0,0,0,0,0,0,0,0,0,0,0,2,0,0,0,0,0,0,0,0,0,0
291,5,1,12,63,1,0,0,0,0,2,0,0,0,1,0,0,0,0,0,0,0,0,0,0,0,0,2,0,0,0,0
292,8,50,11,19,0,2,0,0,0,0,0,0,0,0,0,0,1,1,0,0,0,0,0,0,0,0,0,0,0,0,0
293,1,32,11,224,0,0,1,0,1,0,0,1,0,0,0,0,0,0,0,0,2,0,0,0,0,0,1,0,0,0,0
294,4,3,11,135,0,0,0,0,2,0,1,0,0,0,0,0,1,0,0,0,2,0,0,0,0,0,0,0,0,0,0
295,3,0,10,126,2,0,0,1,0,2,0,0,1,1,0,0,0,0,0,0,0,0,0,0,0,0,0,0,0,0,0
296,1,35,11,218,1,0,0,1,0,3,0,0,0,0,0,1,0,0,0,0,0,0,0,0,0,0,0,0,1,0,0
297,2,2,9,151,0,0,0,0,1,0,2,0,0,0,0,0,0,0,0,0,0,0,1,0,0,0,0,0,0,0,0
298,5,1,10,58,0,1,0,1,0,0,0,0,0,0,0,0,0,0,0,0,0,0,1,0,0,0,0,0,0,0,2
299,6,35,8,65,0,1,0,0,0,0,0,0,0,0,0,0,0,0,0,0,0,0,0,0,0,0,0,0,0,0,2
300,7,0,13,46,1,0,0,1,0,0,0,0,0,1,2,0,0,0,0,0,0,0,1,0,0,0,2,0,0,0,0
301,8,50,8,19,1,0,0,1,0,1,0,0,1,0,1,0,0,0,0,0,0,0,0,0,0,0,3,0,0,0,0
302,4,0,9,98,0,2,0,0,0,0,0,0,0,0,1,0,0,0,0,0,0,0,1,1,0,0,0,0,0,0,2
303,3,30,13,95,0,0,0,0,1,0,0,0,0,0,0,1,0,0,0,1,0,0,0,0,1,1,0,0,1,3,0
304,1,56,9,214,0,1,0,1,0,0,0,0,0,0,1,0,0,0,0,0,0,0,1,1,0,1,0,0,0,0,2
305,2,1,10,162,1,0,0,0,0,0,0,0,0,0,0,0,0,0,0,0,2,2,0,0,0,0,0,0,0,1,0
306,6,1,13,54,0,0,0,0,0,1,0,0,0,1,1,0,0,0,0,0,0,0,1,0,0,0,2,0,0,0,0
307,5,0,12,71,0,0,0,0,0,0,0,0,2,0,0,0,0,0,2,0,0,0,0,0,0,0,1,0,1,0,0
308,7,2,10,34,0,1,0,0,1,0,0,0,0,0,0,0,0,0,0,0,0,0,0,2,0,0,0,0,0,0,0
309,8,0,7,31,0,0,0,0,1,0,0,0,0,0,0,0,0,0,0,0,1,0,0,0,0,0,0,0,0,0,0
310,4,1,10,122,0,0,0,1,0,0,0,1,0,0,0,0,0,1,0,0,0,1,0,0,0,0,3,0,0,0,0
311,3,17,8,115,0,0,2,0,0,0,0,0,0,0,0,0,0,2,0,0,0,0,0,0,0,0,0,0,0,0,0
312,3,13,10,127,2,0,1,0,0,0,0,0,0,0,0,0,0,0,0,0,0,1,0,0,0,0,3,0,0,0,0
313,1,2,7,180,0,0,2,1,0,0,0,0,0,0,0,0,0,0,0,0,0,0,0,0,0,0,0,3,0,0,0
314,5,1,9,85,0,0,0,0,1,0,3,0,0,0,0,0,0,0,0,0,0,0,0,0,0,0,1,0,0,0,0
315,7,0,8,79,0,1,0,0,0,0,0,0,0,0,0,0,0,0,0,0,0,0,0,0,0,0,0,0,0,0,2
316,4,52,9,106,0,0,0,0,1,1,0,0,0,0,0,0,1,0,0,2,2,0,0,0,0,1,1,0,0,1,0
317,6,14,8,85,3,0,2,0,0,0,0,0,0,0,0,0,0,0,0,0,0,0,0,0,0,0,0,0,0,0,0
318,2,51,9,154,0,1,0,0,0,0,0,0,0,0,1,0,0,0,0,0,0,0,1,1,0,1,0,0,0,0,2
319,8,6,10,28,0,0,0,0,0,2,0,0,0,0,1,0,0,0,0,1,0,0,0,0,0,0,2,0,0,0,0
320,1,47,11,199,0,1,0,1,0,0,0,0,0,1,1,0,0,0,0,0,0,0,1,1,0,1,0,0,0,0,2
321,6,0,9,41,0,0,0,0,0,1,0,0,0,0,0,0,0,0,0,2,0,0,0,0,0,1,1,0,0,1,0
322,7,0,9,26,0,0,0,0,2,0,0,0,0,0,0,0,0,0,0,0,0,0,0,0,0,0,0,0,0,0,0
323,4,0,9,104,0,0,0,0,1,2,2,0,0,0,0,0,0,0,0,0,0,0,0,0,0,0,0,0,0,0,0
324,5,1,9,98,0,1,0,1,0,0,0,0,0,0,0,0,0,0,0,0,0,0,0,1,0,0,0,0,0,0,2
325,2,0,9,160,3,1,0,1,0,0,0,0,0,0,0,0,0,0,0,0,0,3,0,0,0,0,0,0,0,0,0
326,8,19,10,2,0,0,0,0,1,0,0,0,0,0,0,0,0,0,0,2,0,0,0,0,0,1,3,0,0,1,0
327,3,11,10,108,0,0,3,0,0,0,1,0,0,0,0,0,0,0,0,0,0,0,0,0,0,0,0,0,0,0,0
328,2,1,12,181,0,0,0,0,1,1,3,0,0,1,0,0,0,0,0,0,0,0,1,0,0,0,0,0,0,1,0
329,7,17,9,59,1,0,0,1,0,1,0,0,0,0,1,0,0,0,0,0,0,0,0,0,0,0,0,0,0,0,0
330,6,22,11,80,0,0,0,0,0,0,0,1,0,0,0,0,0,2,0,0,0,0,0,0,0,0,0,0,0,0,0
331,1,1,10,190,0,0,0,1,0,0,0,1,0,0,0,0,0,1,0,0,0,1,0,0,0,0,3,0,0,0,0
332,8,11,9,61,0,1,0,0,0,0,0,0,0,0,1,0,0,0,0,0,0,0,1,0,0,0,2,0,0,0,2
333,5,19,9,52,0,0,0,0,2,0,1,0,0,0,0,0,0,0,0,0,2,0,0,0,0,0,0,0,0,1,0
334,3,0,12,113,0,0,0,1,0,0,0,0,0,0,0,1,0,0,0,0,0,0,0,1,1,2,0,0,0,1,0
335,4,60,11,98,1,4,0,0,0,0,0,0,0,1,0,0,0,0,0,0,0,0,0,0,0,0,0,0,0,0,0
336,4,50,9,84,0,3,0,0,0,0,0,0,0,0,0,0,0,0,0,0,1,0,0,0,0,0,0,0,0,0,0
337,1,2,13,185,4,0,1,0,0,0,0,0,0,1,0,0,0,0,0,0,0,0,0,0,0,0,0,0,1,0,0
338,5,18,11,109,0,0,0,0,1,1,0,0,0,0,0,0,1,0,0,2,0,0,0,0,0,0,0,0,0,2,0
339,7,51,10,27,0,0,0,0,2,1,0,0,0,0,0,0,1,0,0,2,0,0,0,0,0,0,0,0,0,0,0
340,8,54,8,4,0,0,0,0,0,0,0,0,0,0,0,0,0,0,0,0,0,0,1,0,0,0,0,1,0,0,0
341,6,1,14,89,0,0,0,0,1,0,0,0,0,0,1,1,0,0,0,0,0,0,0,0,0,1,2,0,0,2,0
342,2,0,10,111,0,0,0,0,4,0,1,0,0,0,0,1,1,0,0,0,0,0,0,0,0,0,0,0,0,0,0
343,3,38,9,96,3,0,2,0,0,0,0,0,0,0,0,0,0,0,0,0,0,0,0,0,0,0,0,0,0,0,0
344,4,0,8,103,0,0,2,1,0,0,0,0,0,0,0,0,0,0,0,0,0,0,2,0,0,0,0,2,0,0,0
345,6,20,9,93,0,0,0,1,0,0,0,0,0,0,0,0,0,0,0,0,0,0,0,0,0,2,0,1,0,0,0
346,8,62,9,18,0,0,0,1,0,0,0,0,0,0,0,0,0,0,0,0,1,0,0,0,0,0,1,0,0,1,0
347,3,22,11,136,0,1,0,0,0,0,0,0,0,0,2,0,0,0,0,0,0,0,0,0,0,0,3,0,0,0,2
348,1,21,9,156,3,1,0,0,0,0,0,0,0,0,0,0,0,0,0,0,0,0,0,0,0,0,0,0,0,1,0
349,2,1,13,134,0,0,0,0,1,0,2,0,0,1,1,0,1,0,0,0,0,0,2,0,0,0,1,0,0,0,0
350,5,3,11,97,0,2,0,0,0,0,0,0,0,0,1,0,0,0,0,0,0,0,0,1,0,0,2,0,0,0,0
351,7,6,9,49,2,0,0,1,0,0,0,0,0,0,0,0,0,0,0,0,0,3,0,0,0,0,3,0,0,0,0
352,1,3,12,186,3,1,1,0,0,1,0,0,0,1,0,0,0,0,0,0,0,0,0,0,0,0,1,0,0,0,0
353,4,1,14,135,0,0,0,0,2,1,0,1,0,0,0,1,1,0,0,0,1,0,0,0,0,0,1,0,1,0,0
354,6,3,11,41,1,1,1,0,0,0,1,0,0,1,0,0,0,0,0,0,0,0,0,1,0,0,0,0,0,0,0
355,8,1,8,33,0,0,0,2,0,0,0,0,0,0,0,0,0,0,0,0,0,0,0,0,0,0,1,2,0,0,0
356,7,2,14,40,0,0,0,0,1,1,0,0,0,0,0,0,0,0,0,1,0,0,0,0,0,0,1,0,0,0,0
357,2,1,9,168,0,0,1,3,0,0,0,0,0,0,0,0,0,0,0,0,0,0,0,0,0,0,2,2,0,0,0
358,3,1,14,103,0,1,0,0,1,0,0,0,0,1,0,0,1,0,0,0,2,0,1,0,0,0,0,0,0,0,0
359,5,7,10,116,0,0,1,3,0,0,0,0,0,0,0,0,0,0,0,0,0,0,1,1,0,0,0,2,0,0,0
360,7,38,11,58,0,0,0,0,0,0,0,0,0,1,0,0,0,0,2,0,0,0,1,1,0,0,1,0,0,0,0
361,3,10,11,103,0,0,0,2,1,0,0,0,0,0,0,0,0,0,0,0,0,0,0,2,1,0,1,0,0,0,0
362,1,5,12,197,0,1,0,1,0,0,0,0,1,0,2,0,0,0,0,0,0,0,0,1,0,1,1,0,0,0,0
363,4,3,9,104,0,0,0,0,0,3,0,0,0,0,0,0,0,0,0,0,0,0,0,0,0,0,0,0,0,1,0
364,2,147,10,176,1,0,0,1,0,2,0,0,1,0,1,0,0,0,0,0,0,0,0,0,0,0,0,0,0,0,0
365,5,1,10,84,0,0,0,0,0,0,0,0,0,0,0,0,0,0,3,0,0,0,0,1,0,0,1,0,1,0,0
366,6,46,11,87,3,0,0,1,0,0,0,0,0,0,0,0,0,0,0,0,0,1,0,0,0,0,0,0,0,1,0
367,8,11,9,29,0,0,0,0,2,0,0,0,0,0,0,0,0,0,0,1,0,0,0,0,0,0,0,0,0,0,0
368,4,2,8,96,3,0,2,1,0,0,0,0,0,0,0,0,0,0,0,0,0,1,0,1,0,0,0,0,0,0,0
369,1,2,12,183,0,0,0,1,0,0,0,0,1,1,2,0,0,0,0,0,0,0,1,1,0,1,1,0,0,0,0
370,3,33,10,141,0,1,0,0,0,0,0,0,0,0,0,0,0,0,0,0,0,0,0,0,0,0,0,0,0,0,2
371,6,26,10,55,0,0,0,0,1,0,0,0,0,0,0,0,0,0,0,1,0,0,0,0,1,0,0,0,0,1,0
372,8,1,10,44,0,0,0,0,2,0,0,0,0,0,0,0,0,0,0,2,0,0,0,0,0,0,0,0,0,0,0
373,2,2,10,187,0,3,0,0,0,0,0,0,0,0,0,0,0,0,0,0,0,0,1,1,0,0,0,0,0,0,1
374,7,55,8,35,2,1,0,1,0,0,0,0,0,0,0,0,0,0,0,0,0,0,0,0,0,0,0,0,0,0,0
375,5,22,7,69,0,1,1,0,0,0,0,0,0,0,0,0,0,1,0,0,0,0,0,0,0,0,0,2,0,0,0
376,1,1,10,223,0,1,0,0,0,0,0,0,0,0,2,0,0,0,0,0,0,0,2,1,0,0,0,0,0,0,2
377,6,0,12,46,0,0,0,0,1,0,0,0,0,1,0,0,1,0,1,1,0,0,0,0,0,0,3,0,0,0,0
378,5,0,7,82,0,0,2,0,0,0,0,0,0,0,0,0,0,1,0,0,0,0,0,0,0,0,0,0,0,0,0
379,2,0,15,156,4,0,0,0,0,0,0,0,0,1,0,0,0,0,0,0,0,0,0,0,0,0,0,0,1,1,0
380,8,124,5,4,0,1,0,0,0,0,0,0,0,0,0,0,0,0,0,0,0,0,0,0,0,0,0,1,0,0,0
381,4,2,11,104,3,1,0,0,0,0,0,0,0,1,0,0,0,0,0,0,0,0,0,0,0,0,0,0,0,1,0
382,3,7,14,106,3,0,0,0,0,1,0,0,0,1,0,0,0,0,0,0,0,0,1,0,0,0,0,0,1,0,0
383,7,1,9,38,0,1,0,0,0,0,0,0,0,0,0,0,0,0,0,0,0,0,0,0,0,0,1,0,0,0,2
384,5,1,11,78,0,0,0,0,1,0,0,0,0,0,0,0,0,0,0,0,2,2,0,0,0,0,0,0,0,0,0
385,6,45,11,77,0,1,0,1,0,0,0,1,0,0,0,0,0,0,0,0,0,0,0,0,0,0,1,0,0,0,0
386,1,25,10,242,0,1,0,1,0,0,0,0,0,0,1,0,0,0,0,0,0,0,1,1,0,0,0,0,0,0,2
387,3,43,12,94,0,0,0,1,1,1,0,1,0,0,0,0,0,0,0,0,1,0,0,0,0,0,1,0,0,0,0
388,7,52,8,45,0,0,0,0,1,0,0,1,0,0,0,0,0,0,0,0,1,1,0,0,0,0,0,0,0,0,0
389,4,45,8,104,1,0,1,0,0,0,2,0,0,0,0,0,0,0,0,0,0,0,0,0,0,0,0,0,0,1,0
390,2,0,8,168,0,0,2,1,0,0,0,0,0,0,0,0,0,0,0,0,0,0,0,0,0,0,1,2,0,0,0
391,8,1,11,27,0,0,0,0,0,0,0,0,2,0,0,1,0,0,0,0,0,0,0,0,0,3,0,0,0,0,0
392,8,1,11,31,0,0,0,0,1,0,0,0,0,1,0,0,0,0,0,0,0,0,0,0,0,0,0,0,0,0,1
393,7,2,9,58,0,1,0,1,0,0,0,0,0,0,0,0,0,0,0,0,0,0,0,0,0,0,0,0,0,0,2
394,1,1,12,144,0,4,0,0,0,0,0,0,0,0,0,0,0,0,0,0,0,0,0,0,0,0,0,0,1,0,0
395,5,19,9,72,0,1,0,1,0,0,0,0,0,0,1,0,0,0,0,0,0,0,1,0,0,0,1,2,0,0,0
396,4,3,12,110,0,0,0,0,0,2,0,0,0,0,0,0,0,0,0,0,0,0,0,0,0,0,0,0,0,0,0
397,2,0,10,190,0,3,0,0,0,0,0,0,0,0,3,0,0,0,0,0,0,0,0,1,0,0,1,0,0,0,1
398,3,1,13,120,0,0,0,0,3,0,0,0,0,0,0,0,1,0,0,0,0,0,1,0,0,0,2,0,0,0,0
399,6,2,10,92,1,1,0,1,0,0,0,0,0,0,2,0,0,0,0,0,0,0,0,0,0,0,1,0,0,0,0
400,8,117,9,38,0,1,0,0,0,0,0,0,0,0,0,1,0,0,0,0,0,0,0,0,0,0,0,0,0,0,2
401,5,51,12,89,0,0,0,0,0,0,0,0,0,0,2,0,0,0,0,0,0,0,1,0,0,0,1,0,0,0,0
402,1,2,8,201,0,1,0,0,0,0,0,0,0,0,1,0,0,0,0,0,0,0,1,1,0,0,0,0,0,0,2
403,4,42,13,101,0,0,0,0,1,0,0,0,0,0,0,0,1,0,0,1,0,0,3,0,0,1,0,0,0,0,0
404,6,16,10,79,0,0,0,0,0,3,0,0,1,0,0,0,0,0,0,0,0,0,0,0,0,0,0,0,0,0,0
405,7,0,11,56,3,0,0,0,1,1,0,0,0,0,0,1,0,0,0,0,0,0,0,0,0,0,0,0,1,0,0
406,3,8,9,98,1,0,3,1,0,0,0,0,0,1,0,0,0,0,0,0,0,0,0,0,0,0,0,3,0,0,0
407,2,1,17,125,0,0,0,0,0,0,0,0,1,0,0,0,1,0,2,0,0,0,0,2,0,0,1,0,1,0,0
408,4,1,8,118,0,0,0,0,1,1,3,0,0,0,0,0,0,0,0,0,0,0,0,0,0,0,0,0,0,0,0
409,1,2,12,212,0,0,0,0,1,0,0,0,0,0,2,1,0,0,0,0,0,0,0,1,0,0,3,0,1,0,0
410,8,0,9,6,0,0,0,0,0,0,0,0,0,0,0,0,0,0,0,0,0,0,0,0,0,3,0,0,0,0,0
411,5,2,12,64,1,0,0,0,1,0,0,0,0,0,0,0,1,0,0,0,1,2,0,0,0,1,0,0,0,1,0
412,2,5,7,148,1,0,3,1,0,0,0,0,0,0,0,0,0,0,0,0,0,0,0,1,0,0,0,0,0,0,0
413,6,0,9,79,0,1,0,0,1,0,0,0,0,0,0,0,0,0,0,0,2,0,0,0,0,0,0,0,0,0,0
414,7,5,11,43,0,0,0,1,0,0,0,0,0,0,0,0,0,0,0,1,0,0,0,0,0,1,0,1,0,2,0
415,3,1,11,132,1,3,0,0,0,0,0,0,0,1,0,0,0,0,0,0,0,0,1,0,0,0,1,0,0,0,0
416,7,5,10,40,4,0,0,1,0,0,0,0,0,1,0,0,0,0,0,0,0,0,0,0,0,0,0,0,0,0,0
417,8,3,9,33,1,0,0,0,1,0,0,0,0,0,0,0,1,0,0,1,0,0,0,0,0,0,0,0,0,1,0
418,5,105,7,43,0,0,1,0,0,0,0,0,0,0,0,0,0,2,0,0,0,0,0,0,0,0,0,0,0,0,0
419,4,4,10,79,0,0,0,0,1,0,0,0,0,0,0,0,1,0,0,2,0,0,0,0,1,1,0,0,0,2,0
420,6,1,11,51,2,0,0,1,0,0,0,0,0,0,0,0,0,0,0,0,0,3,0,0,0,0,1,0,1,0,0
421,3,1,11,118,0,1,0,0,0,0,0,0,0,1,2,0,0,0,0,0,0,0,3,0,0,0,1,0,0,0,0
422,1,9,9,231,0,1,0,0,1,0,1,1,0,0,0,0,0,0,0,0,2,0,0,0,0,0,1,0,0,0,0
423,2,1,12,158,0,0,0,0,1,0,0,0,1,0,1,1,0,0,0,0,0,0,0,2,0,0,0,0,1,0,0
424,5,8,11,103,2,0,0,1,0,1,0,0,0,1,2,0,0,0,0,0,0,0,1,0,0,0,1,0,0,0,0
425,7,0,8,27,0,0,0,0,1,0,0,0,0,0,0,0,0,0,0,0,2,0,0,0,0,0,0,0,0,0,0
426,3,0,9,123,0,0,0,0,2,2,2,0,0,0,0,0,0,0,0,0,1,0,0,0,0,0,0,0,0,0,0
427,8,1,8,18,0,1,1,0,0,0,0,0,0,0,0,0,0,0,0,0,0,0,0,0,0,0,3,2,0,0,0
428,6,1,12,65,0,0,0,0,0,0,0,1,0,1,0,0,0,0,0,0,0,0,0,0,0,0,3,0,1,0,0
429,1,12,12,188,0,0,1,0,0,1,0,0,1,0,2,0,0,1,0,0,0,0,1,1,0,0,1,0,1,0,0
430,4,0,11,112,0,1,0,0,0,0,0,0,0,1,0,0,0,0,0,0,0,0,1,0,0,0,0,0,0,0,2
431,2,0,10,171,1,0,2,1,0,0,0,0,0,0,0,0,0,0,0,0,0,0,0,1,0,0,2,0,0,0,0
432,6,0,11,86,0,0,0,0,2,0,1,0,0,0,0,1,1,0,0,0,0,0,0,0,1,0,0,0,1,1,0
433,4,1,9,132,0,0,0,0,1,3,1,0,0,0,0,0,0,0,0,0,0,0,0,0,0,0,0,0,0,0,0
434,5,0,11,85,0,0,0,0,1,0,0,0,0,0,0,0,0,0,0,0,0,0,0,3,1,0,0,0,0,0,0
435,1,9,12,184,1,0,0,2,0,2,0,0,0,1,0,1,0,0,0,0,0,0,0,0,0,0,0,0,1,0,0
436,7,50,11,96,0,0,0,1,0,0,1,0,0,0,0,0,0,0,0,0,1,2,0,0,0,1,0,0,0,1,0
437,3,0,10,102,0,0,0,0,1,0,0,1,0,0,0,0,1,0,0,0,1,0,0,0,0,0,1,0,0,0,0
438,2,1,10,116,0,0,0,0,1,0,3,0,0,0,0,0,0,0,0,0,0,0,0,0,1,0,0,0,0,1,0
439,8,120,10,30,0,0,0,0,3,0,0,0,0,0,0,0,1,0,0,0,0,0,0,0,0,0,3,0,0,0,0
440,7,0,9,73,0,1,0,0,0,0,0,0,0,0,0,0,0,0,0,0,0,0,0,0,0,0,1,0,0,0,2
441,6,0,8,72,1,0,2,1,0,0,0,0,0,0,0,0,0,0,0,0,0,0,0,0,0,0,1,1,0,0,0
442,5,3,10,69,0,1,0,0,0,0,1,0,0,0,0,0,0,0,0,0,2,0,0,0,0,0,3,0,0,2,0
443,2,5,11,135,0,0,0,0,1,0,0,0,0,0,0,1,0,0,0,0,1,2,0,1,1,1,0,0,0,1,0
444,1,2,10,193,0,0,0,0,0,0,0,0,1,0,1,1,0,0,3,0,0,0,0,1,0,1,3,0,1,0,0
445,3,0,10,104,0,0,0,0,1,1,2,0,0,1,0,0,0,0,0,0,0,0,1,0,0,0,1,0,0,0,0
446,8,35,11,48,0,0,0,0,0,4,0,0,0,0,0,1,0,0,0,0,0,0,0,0,0,0,0,0,1,0,0
447,4,0,9,91,0,0,0,0,1,0,0,1,0,0,0,0,0,0,0,0,2,0,0,0,0,0,1,0,0,0,0
448,8,1,9,16,0,0,0,0,3,0,1,0,0,0,0,0,0,0,0,0,0,0,0,1,1,0,0,0,0,0,0
449,5,2,10,68,1,0,0,0,0,0,0,0,0,0,0,1,0,0,0,0,1,2,0,0,0,1,0,0,0,1,0
450,1,2,10,192,1,0,0,0,0,4,0,0,1,1,0,0,0,0,0,0,0,0,0,0,0,0,0,0,0,0,0
451,3,5,12,127,0,0,0,0,0,0,0,0,0,0,1,0,0,0,2,0,0,0,1,1,0,0,2,0,1,0,0
452,2,1,12,176,0,0,0,0,0,0,0,0,0,1,2,0,0,0,0,0,0,0,2,0,0,0,2,0,1,0,1
453,7,0,9,40,0,1,0,0,1,0,0,0,0,0,0,0,0,0,0,0,2,0,0,0,0,0,0,0,0,1,0
454,6,11,8,77,0,1,0,0,0,0,0,0,0,0,1,0,0,0,0,0,0,0,1,1,0,0,0,0,0,0,2
455,4,0,9,95,0,0,0,0,0,0,0,0,0,0,1,0,0,0,1,0,0,0,2,0,0,0,2,0,0,0,0
456,8,51,10,56,0,0,0,0,1,2,0,0,0,0,0,0,1,0,0,2,0,0,0,0,0,0,0,0,0,0,0
457,5,0,11,36,1,0,0,0,1,0,0,0,0,0,0,0,0,0,0,0,1,2,0,0,0,0,0,0,0,1,0
458,2,6,12,194,1,0,0,0,1,0,0,0,0,0,0,1,0,0,0,0,1,4,1,0,0,1,0,0,0,1,0
459,7,21,9,42,0,0,0,0,1,0,2,0,0,0,0,0,0,0,0,0,0,0,1,0,0,1,0,0,0,0,0
460,4,0,10,52,2,0,0,1,0,3,0,0,0,0,0,0,0,0,0,0,0,0,0,0,0,0,0,0,0,0,0
461,6,1,8,62,2,0,3,1,0,0,0,0,0,0,0,0,0,0,0,0,0,0,0,1,0,0,0,0,0,0,0
462,3,0,11,103,0,0,0,0,1,0,0,1,0,0,0,0,1,0,0,0,2,0,0,0,0,0,1,0,0,0,0
463,1,3,10,271,0,2,0,0,0,0,0,0,0,1,2,0,0,0,0,0,0,0,2,0,0,0,1,0,0,0,1
464,1,5,12,210,1,0,0,0,1,0,1,0,0,1,0,0,0,0,0,0,1,0,0,0,1,0,0,0,0,2,0
465,7,11,8,32,0,1,0,0,1,0,0,1,0,0,0,0,0,0,0,0,2,1,0,0,0,0,0,0,0,0,0
466,8,10,9,22,1,0,0,0,0,3,0,0,0,0,0,0,0,0,0,0,0,0,0,0,0,0,0,0,0,0,0
467,2,0,12,132,0,0,0,0,1,0,0,0,0,0,0,0,0,0,0,0,2,0,0,0,0,0,1,0,0,1,0
468,3,1,8,134,1,0,3,1,0,0,0,0,0,0,0,0,0,0,0,0,0,0,0,1,0,0,0,0,0,0,0
469,5,1,16,66,0,0,0,0,0,0,0,0,0,0,0,0,0,0,0,0,0,0,0,0,0,0,0,0,0,0,0
470,6,1,10,59,0,0,0,0,1,0,0,0,0,0,0,0,0,0,0,0,2,2,0,0,0,0,1,0,0,0,0
471,4,0,8,98,0,0,3,1,0,0,0,0,0,0,0,0,0,0,0,0,0,0,0,0,0,0,0,3,0,0,0
472,4,1,11,60,1,0,0,0,1,0,0,0,0,0,0,1,0,0,0,0,1,3,0,0,0,1,0,0,0,1,0
473,8,1,13,23,0,0,0,0,0,0,0,0,0,0,0,0,0,0,2,0,0,1,1,1,0,0,1,0,1,0,0
474,6,1,10,78,1,0,3,0,0,0,0,0,0,0,0,0,0,0,0,0,0,0,0,0,0,0,0,0,1,0,0
475,7,2,12,87,0,1,0,0,0,1,0,0,0,0,0,0,1,2,0,0,0,0,0,0,0,0,0,0,0,0,0
476,3,0,10,68,1,0,0,0,0,0,0,0,0,0,0,1,0,0,0,0,1,2,0,0,0,1,0,0,0,1,0
477,1,1,11,208,0,1,0,1,0,0,0,0,0,1,1,0,0,0,0,0,0,0,1,1,0,0,0,0,0,0,2
478,2,1,7,188,0,0,2,1,0,0,0,0,0,0,0,0,0,0,0,0,0,0,0,0,0,0,0,3,0,0,0
479,5,31,10,125,0,0,0,0,0,1,0,0,1,0,1,0,0,2,0,0,0,0,0,0,0,0,0,0,0,0,0
480,5,4,9,86,3,1,0,0,0,0,0,0,0,1,0,0,0,0,0,0,0,0,0,0,0,0,0,0,0,0,0
481,2,8,15,158,0,0,0,0,3,0,0,0,0,0,0,2,1,0,0,0,0,0,0,1,0,0,1,0,1,0,0
482,6,2,10,59,0,0,0,1,0,0,0,0,0,0,0,0,0,0,2,0,0,0,0,0,0,0,3,0,1,0,0
483,1,24,11,222,0,0,0,0,0,0,0,0,1,0,1,0,0,0,3,0,0,0,1,1,0,0,2,0,1,0,0
484,8,0,9,27,0,0,0,0,2,1,1,0,0,0,0,1,0,0,0,0,0,0,0,0,0,0,0,0,0,0,0
485,4,0,13,75,0,0,0,0,0,1,0,1,0,0,1,0,0,0,0,0,0,2,0,0,0,0,2,0,0,0,0
486,3,21,7,109,0,0,3,1,0,0,0,0,0,0,0,0,0,0,0,0,0,0,0,0,0,0,0,2,0,0,0
487,7,0,9,40,0,0,1,1,1,0,0,0,0,0,0,0,0,0,0,0,0,0,0,0,0,0,0,3,0,0,0
488,1,0,8,170,0,0,0,0,0,4,0,0,0,0,0,1,0,0,0,0,0,0,0,0,0,0,0,0,0,0,0
489,2,13,11,140,1,0,0,0,0,0,0,0,0,0,0,0,0,0,0,0,0,3,0,1,0,0,1,0,0,3,0
490,5,6,8,81,0,1,0,0,0,0,0,0,0,0,1,0,0,0,0,0,0,0,1,1,0,1,0,0,0,0,2
491,4,22,10,119,0,1,0,0,0,0,0,0,0,0,0,0,0,0,0,0,0,0,1,0,0,0,2,0,0,0,2
492,7,3,13,53,0,3,0,0,1,0,0,0,0,0,0,0,1,0,0,0,0,0,0,0,0,0,0,0,1,0,0
493,3,0,7,142,1,0,2,1,0,0,0,0,0,0,0,0,0,0,0,0,0,0,0,1,0,0,0,0,0,0,0
494,8,19,8,33,0,3,0,0,0,0,0,0,0,0,0,0,0,0,0,0,0,0,0,0,0,0,1,0,0,0,0
495,6,1,16,77,0,0,0,0,0,0,0,0,0,1,0,1,0,0,0,0,0,0,1,0,1,0,2,0,1,1,0
496,3,1,11,93,0,4,0,0,0,0,0,0,0,0,0,0,0,0,0,0,0,0,0,0,0,0,0,0,1,0,0
497,7,33,10,96,0,0,0,0,4,0,0,0,0,0,0,1,0,0,0,0,0,0,0,0,0,0,0,0,1,0,0
498,1,1,8,165,2,0,3,0,0,1,0,0,0,0,0,0,0,0,0,0,0,0,0,0,0,0,0,0,0,0,0
499,4,1,10,93,1,0,0,0,0,3,0,0,1,0,0,0,0,0,0,0,0,0,0,0,0,0,1,0,0,0,0
500,6,0,14,88,0,0,0,0,1,0,0,0,1,0,2,1,1,0,0,0,0,0,0,1,1,0,2,0,1,0,0
501,5,0,8,97,0,1,0,0,0,0,0,0,0,0,1,0,0,0,0,0,0,0,1,1,0,0,0,0,0,0,2
502,8,0,11,74,0,0,0,1,0,0,0,0,1,0,2,0,0,0,0,0,0,0,0,0,0,1,2,0,0,0,0
503,2,6,10,154,0,0,0,0,0,0,0,0,1,0,2,0,0,0,3,0,0,0,1,1,0,0,2,0,1,0,0
504,4,1,13,112,0,0,0,1,0,0,0,1,0,1,0,0,0,0,0,0,0,1,0,0,0,0,3,0,1,0,0
505,6,0,9,50,0,0,0,0,1,0,2,0,0,0,1,0,0,0,0,0,0,0,1,0,0,0,0,0,0,0,0
506,2,0,11,170,1,0,0,3,0,0,0,0,1,1,1,0,0,0,0,0,0,0,1,1,0,1,0,0,0,0,0
507,8,47,9,31,0,1,0,0,2,0,0,0,0,0,0,0,0,0,0,0,2,0,0,0,0,0,0,0,0,0,0
508,3,0,10,142,1,0,0,0,0,3,0,0,1,0,1,0,0,0,0,0,0,0,0,0,0,0,0,0,0,0,0
509,5,1,9,89,0,0,0,0,1,0,4,0,0,0,0,0,0,0,0,0,0,0,0,0,0,0,0,0,0,0,0
510,1,2,10,165,0,1,0,0,0,0,0,0,0,0,2,0,0,0,0,0,0,0,1,1,0,0,2,0,0,0,2
511,7,0,9,66,0,0,0,0,0,0,0,0,0,0,0,0,0,1,0,0,0,0,0,0,0,0,3,0,0,0,0
512,6,0,11,52,1,0,0,0,2,1,0,0,0,1,0,0,1,0,0,0,0,0,0,0,0,0,0,0,0,0,0
513,7,52,10,40,0,0,0,0,0,0,0,0,0,1,0,0,0,1,0,0,0,0,0,0,0,0,1,0,0,0,0
514,2,6,8,159,0,0,2,1,0,0,0,0,0,0,0,0,0,1,0,0,0,0,0,1,0,0,0,1,0,0,0
515,4,0,9,122,0,0,0,0,1,0,2,0,0,0,1,0,0,0,0,0,0,0,2,0,0,0,0,0,0,0,0
516,3,0,10,115,0,0,0,0,1,0,3,0,0,1,0,0,0,0,0,0,0,0,1,0,0,0,0,0,0,0,0
517,1,9,15,168,0,0,0,1,1,0,0,0,0,0,0,0,1,0,0,0,1,0,0,0,0,0,0,0,1,2,0
518,8,10,8,26,0,1,0,0,0,0,0,0,0,0,0,0,0,0,0,0,0,0,0,0,0,0,0,0,0,0,2
519,5,1,10,123,0,0,0,0,0,0,0,0,1,0,1,0,0,0,2,0,0,0,1,1,0,0,1,0,1,0,0
520,4,51,8,119,1,0,0,1,0,1,0,0,0,0,0,0,0,2,0,0,0,0,0,0,0,0,0,0,0,0,0
521,8,43,10,20,0,0,0,0,2,0,0,0,0,0,0,0,1,0,0,3,0,0,0,0,1,0,0,0,0,1,0
522,7,2,9,56,0,0,0,0,1,0,0,0,0,0,0,0,0,0,0,0,2,0,0,0,0,0,0,0,0,1,0
523,2,0,10,162,1,3,0,0,0,0,0,0,0,1,0,0,0,0,0,0,0,0,1,1,0,0,0,0,0,0,0
524,5,38,11,86,1,0,0,0,0,0,0,0,0,0,0,0,0,0,0,0,1,2,0,0,0,1,3,0,0,1,0
525,6,41,9,99,0,2,0,0,0,0,0,0,0,0,1,0,0,0,0,0,0,0,1,1,0,0,0,0,0,0,2
526,3,1,11,102,1,2,0,0,0,0,0,0,0,1,1,0,0,0,0,0,0,0,1,0,0,0,3,0,0,0,0
527,1,42,10,194,0,0,0,0,0,0,0,0,1,0,2,0,0,0,3,0,0,0,1,1,0,0,2,0,1,0,0
528,3,0,9,148,0,0,0,0,3,0,1,0,0,0,0,0,1,0,0,0,0,0,0,0,0,0,0,0,0,0,0
529,5,0,10,126,0,0,0,0,0,0,0,0,0,0,2,0,0,0,1,0,0,0,1,0,0,0,2,0,1,0,0
530,1,3,15,167,0,0,0,0,2,0,2,0,0,1,0,1,1,0,0,0,0,0,1,0,0,0,0,0,1,1,0
531,4,2,13,102,0,0,0,0,0,0,0,0,0,1,1,0,0,0,1,0,0,0,3,0,0,0,2,0,1,0,0
532,2,1,9,135,0,0,0,0,0,0,0,0,1,0,3,0,0,0,2,0,0,0,1,1,0,0,2,0,1,0,0
533,7,6,10,73,0,0,0,0,2,0,1,0,0,0,0,0,1,0,0,0,0,0,0,0,0,0,0,0,0,1,0
534,8,4,9,42,0,1,0,0,0,0,0,0,0,0,1,0,0,0,0,0,0,0,0,0,0,1,0,0,0,0,2
535,6,0,12,99,0,0,0,1,0,0,0,0,1,0,1,1,0,0,0,0,0,0,1,1,0,1,0,0,0,0,0
536,5,19,6,83,1,0,1,2,0,0,0,0,0,0,0,0,0,0,0,0,0,0,0,0,0,0,0,2,0,0,0
537,8,2,11,44,0,3,0,0,0,0,0,0,0,0,0,0,0,0,0,0,0,0,0,0,0,0,1,0,1,0,0
538,3,20,7,118,0,0,2,2,0,0,0,0,0,0,0,0,0,0,0,0,0,0,0,1,0,0,0,2,0,0,0
539,4,1,8,105,0,0,0,0,0,0,0,0,1,0,2,0,0,0,2,0,0,0,1,1,0,0,2,0,0,0,0
540,7,0,12,60,1,0,0,2,0,1,0,0,0,0,0,1,0,0,0,0,0,0,0,1,1,0,0,0,0,1,0
541,2,30,9,112,0,0,0,0,1,0,0,1,0,0,0,0,0,0,0,0,2,1,0,0,0,0,0,0,0,0,0
542,6,0,9,77,0,0,0,0,0,2,0,1,0,0,0,0,0,2,0,0,0,0,0,0,0,0,1,0,0,0,0
543,1,4,9,165,0,1,0,1,0,0,0,0,0,0,1,0,0,0,0,0,0,0,1,1,0,0,0,0,0,0,2
544,5,1,10,104,0,0,0,2,0,0,0,0,0,0,2,0,0,0,0,0,0,0,0,0,0,0,3,0,0,0,0
545,3,0,11,116,0,0,0,0,3,0,2,0,0,0,0,0,1,0,0,0,0,0,0,0,0,0,0,0,0,0,0
546,7,60,9,90,0,0,0,0,0,0,0,0,1,0,0,0,0,0,2,0,0,0,1,0,0,0,2,0,0,0,0
547,1,4,13,149,0,0,0,1,1,0,0,0,0,0,0,1,0,0,0,0,0,0,0,2,1,0,0,0,1,0,0
548,6,1,8,66,0,0,3,0,0,0,0,0,0,0,1,0,0,0,0,0,0,0,0,0,0,0,1,0,0,0,0
549,8,1,9,0,0,0,0,0,1,0,0,0,0,0,0,0,0,0,0,0,0,0,0,2,0,0,0,0,0,0,0
550,2,0,10,147,4,0,0,1,0,1,0,0,0,1,0,0,0,0,0,0,0,0,0,0,0,0,0,0,0,0,0
551,4,53,10,112,0,0,0,0,0,0,0,1,0,0,2,0,0,0,0,0,0,0,0,0,0,0,3,0,0,0,0
552,1,2,10,190,0,0,0,0,0,0,0,0,1,0,2,0,0,0,2,0,0,0,1,1,0,0,2,0,1,0,0
553,4,0,11,101,0,0,0,0,1,0,2,0,0,0,1,0,1,0,0,0,0,0,1,0,0,0,1,0,0,0,0
554,7,50,8,56,0,0,0,0,0,0,0,0,0,0,1,0,0,0,2,0,0,0,2,1,0,0,2,0,0,0,0
555,3,38,9,102,0,1,0,0,0,0,0,0,0,0,0,0,0,0,0,0,0,0,0,0,0,0,0,0,0,0,2
556,8,1,9,23,1,0,0,1,0,2,0,0,0,0,0,0,0,0,0,0,0,0,0,0,0,0,0,0,0,0,0
557,6,1,10,86,1,0,0,0,0,4,0,0,0,1,0,0,0,0,0,0,0,0,0,0,0,0,0,0,0,0,0
558,2,9,8,140,1,0,2,1,0,0,0,0,0,1,0,0,0,0,0,0,0,0,1,0,0,0,1,2,0,0,0
559,5,0,8,105,0,0,0,0,1,0,0,1,0,0,0,0,0,0,0,0,2,1,0,0,0,0,0,0,0,0,0
560,1,2,10,208,1,0,2,1,0,0,0,0,0,0,0,0,0,0,0,0,0,0,0,1,0,0,3,0,0,0,0
561,4,1,10,122,0,0,0,0,0,3,0,0,0,0,0,0,0,1,0,0,0,0,0,0,0,0,1,0,0,0,0
562,3,0,7,143,1,2,0,2,0,0,0,0,0,0,0,0,0,0,0,0,0,0,0,0,0,0,0,0,0,0,0
563,7,0,10,56,0,0,0,0,1,0,0,0,0,0,1,0,0,0,0,0,2,0,0,0,0,0,1,0,0,0,0
564,8,0,9,14,0,0,1,0,1,1,0,0,0,0,0,0,0,1,0,3,0,0,0,0,0,0,0,0,0,0,0
565,5,14,10,91,1,0,0,0,0,0,0,0,0,0,0,0,0,0,0,0,1,1,0,0,0,1,1,0,0,2,0
566,6,48,9,58,0,0,0,0,0,1,1,0,0,0,0,0,0,0,0,0,0,0,1,0,0,0,0,1,0,0,0
567,2,5,10,97,0,1,0,0,0,0,0,0,0,0,1,0,0,0,0,0,0,0,0,0,0,0,2,0,0,0,2
568,5,2,9,88,0,0,0,0,1,1,0,1,0,0,0,0,0,1,0,0,2,0,0,0,0,0,0,0,0,0,0
569,2,76,4,126,0,0,0,0,0,0,0,0,0,0,0,0,0,0,0,0,0,0,0,0,0,0,1,0,0,0,0
570,7,1,12,63,0,0,0,0,0,0,0,0,0,1,3,0,0,0,1,0,0,0,2,1,0,0,2,0,1,0,0
571,4,0,16,112,0,0,0,0,1,0,0,0,1,1,1,2,1,0,0,0,0,0,1,1,1,0,1,0,1,0,0
572,8,0,9,55,0,0,0,0,1,0,0,0,0,0,0,0,0,0,0,0,2,0,0,0,0,0,1,0,0,0,0
573,1,3,18,193,0,0,0,0,1,0,0,0,1,1,1,1,1,0,0,0,0,0,1,1,1,0,1,0,1,0,0
574,6,1,9,71,0,1,0,0,0,0,0,0,0,0,1,0,0,0,0,0,0,0,1,1,0,0,1,0,0,0,2
575,3,0,10,114,0,0,0,0,0,0,0,0,1,0,1,0,0,0,3,0,0,0,1,1,0,0,1,0,1,0,0
576,8,102,11,14,0,0,0,0,0,0,0,0,0,0,0,0,0,0,1,0,0,0,0,2,0,0,0,0,0,0,0
577,6,0,9,116,0,0,0,2,0,0,0,0,0,0,0,0,0,0,0,0,0,0,1,0,0,0,1,2,0,0,0
578,7,0,11,69,0,0,0,1,0,0,0,0,0,0,0,0,0,0,0,0,0,3,0,0,0,0,2,0,0,0,0
579,2,0,12,138,0,1,0,0,2,0,0,0,0,0,0,0,0,0,0,0,1,0,0,0,0,0,1,0,0,0,0
580,5,1,13,108,0,0,1,1,1,0,0,0,0,0,0,0,0,0,0,0,0,0,0,3,0,0,0,0,0,0,0
581,1,1,11,211,1,4,0,0,0,0,0,0,0,1,0,0,0,0,0,0,0,0,1,1,0,0,0,0,0,0,0
582,3,35,9,113,0,1,0,0,0,0,0,0,0,0,1,0,0,0,0,0,0,0,1,1,0,0,1,0,0,0,2
583,4,1,13,114,0,0,0,0,2,0,0,0,0,1,0,1,1,0,0,2,0,0,0,0,0,0,0,0,1,0,0
584,2,1,11,101,1,0,0,0,0,0,0,0,0,0,0,1,0,0,0,0,2,1,0,0,0,1,0,0,1,1,0
585,7,0,12,54,0,0,0,0,1,1,0,0,0,0,0,1,0,0,0,0,2,0,0,0,0,0,1,0,1,0,0
586,6,46,8,82,0,0,0,0,0,3,0,0,1,0,0,0,0,0,0,0,0,0,0,0,0,0,0,0,0,0,0
587,8,1,9,14,0,1,0,0,0,1,0,0,0,0,0,0,0,1,0,0,0,0,0,0,0,0,0,0,0,0,0
588,5,14,12,103,0,2,0,1,0,0,0,0,0,0,1,0,0,0,0,0,0,0,1,0,0,0,0,0,0,0,0
589,1,2,10,200,1,0,3,1,0,0,0,0,0,1,0,0,0,0,0,0,0,0,1,0,0,0,0,2,0,0,0
590,3,0,9,121,0,0,0,0,2,0,1,0,0,0,0,0,1,0,0,3,0,0,0,0,0,1,0,0,0,1,0
591,4,1,13,117,0,0,0,0,0,0,0,0,0,1,1,0,0,0,0,0,0,1,1,2,0,0,2,0,1,0,0
592,7,0,10,43,0,1,0,1,0,0,0,0,0,0,0,0,0,0,0,0,0,0,0,0,0,0,1,0,0,0,2
593,8,1,7,12,0,0,0,0,0,0,0,0,0,0,0,0,0,0,0,1,0,0,0,0,0,3,0,0,0,1,0
594,5,1,10,103,0,0,0,1,0,1,0,0,0,0,1,0,0,0,0,0,0,0,1,0,0,0,1,3,0,0,0
595,3,11,9,110,0,0,3,0,0,0,0,0,0,0,0,0,0,1,0,0,0,0,0,0,0,0,0,1,0,0,0
596,2,1,12,125,0,0,1,0,1,0,1,0,0,1,0,0,0,0,0,0,0,0,1,0,0,0,3,0,0,0,0
597,1,64,10,175,0,1,0,0,1,0,0,0,0,0,0,0,0,0,0,0,2,0,0,0,0,0,1,0,0,0,0
598,6,0,13,75,0,0,0,0,1,0,0,0,0,0,0,0,1,0,0,2,0,0,0,0,0,0,2,0,1,0,0
599,4,19,9,117,0,0,0,0,1,0,1,0,0,0,0,0,1,0,0,2,0,0,0,0,0,2,0,0,0,2,0
600,4,1,9,119,0,1,0,0,0,0,0,0,0,0,1,0,0,0,0,0,0,0,1,1,0,1,1,0,0,0,2
601,3,0,10,107,0,0,0,0,0,0,0,0,0,1,1,0,0,0,0,0,0,0,3,1,0,0,2,0,0,0,0
602,8,4,10,54,0,0,0,0,0,3,0,0,0,0,0,0,0,1,0,0,0,0,0,0,0,0,0,0,0,0,0
603,5,1,9,95,1,1,0,0,0,0,0,0,0,0,0,0,0,0,0,0,1,3,0,0,0,1,0,0,0,1,0
604,2,1,13,137,1,3,0,0,0,0,0,0,0,1,0,0,0,0,0,0,0,0,1,0,0,0,0,0,1,0,0
605,1,23,10,164,0,0,0,0,3,0,2,0,0,0,0,0,1,0,0,0,0,0,0,1,1,0,0,0,0,1,0
606,6,52,7,62,0,0,0,0,0,0,0,1,0,0,0,0,0,1,0,0,1,2,0,0,0,0,0,0,0,0,0
607,7,1,7,83,0,0,0,0,1,0,1,0,0,0,0,0,0,0,0,2,0,0,0,0,0,0,0,0,0,1,0
608,2,6,9,135,0,0,0,0,0,2,0,0,2,0,0,0,0,0,0,0,0,0,0,0,0,0,1,0,0,0,0
609,7,0,12,51,0,0,0,0,1,0,0,0,0,0,0,0,0,0,0,0,0,0,0,3,1,0,1,0,0,0,0
610,6,17,8,42,0,1,0,0,0,0,0,0,0,0,0,0,0,0,0,0,0,0,0,0,0,0,0,0,0,0,2
611,4,0,13,112,1,0,0,0,1,3,0,0,0,1,0,0,1,0,0,0,0,0,0,0,0,0,1,0,0,0,0
612,8,19,10,20,3,0,0,0,0,1,0,0,0,0,0,0,0,0,0,0,0,1,0,0,0,0,0,0,0,0,0
613,5,44,8,59,3,0,0,0,0,1,0,0,0,0,0,0,0,0,0,0,0,1,0,0,0,0,0,0,0,0,0
614,3,2,14,88,0,0,0,0,2,0,1,0,0,0,0,0,1,0,0,0,0,0,0,0,0,0,0,0,1,1,0
615,1,75,10,227,0,0,0,0,1,0,0,0,0,0,0,0,1,0,0,2,0,0,0,0,0,1,1,0,0,2,0
616,8,57,7,14,1,0,0,0,0,0,0,0,0,0,0,0,0,0,0,0,0,0,0,0,0,0,0,0,0,0,0
617,7,52,8,16,0,0,0,0,1,0,1,0,0,0,0,0,0,0,0,0,0,0,0,0,0,0,0,0,0,0,0
618,1,62,10,188,0,0,0,0,2,0,0,0,0,0,0,1,1,0,0,1,0,0,0,1,1,1,0,0,0,0,0
619,6,1,10,43,1,0,0,1,0,2,0,0,0,0,0,1,0,0,0,0,0,0,0,0,0,0,1,0,0,0,0
620,5,1,11,101,0,0,0,0,2,0,0,0,0,0,0,1,0,0,0,0,0,0,0,0,0,0,2,0,1,0,0
621,4,3,10,69,1,0,0,1,0,3,0,0,0,0,0,0,0,0,0,0,0,0,0,0,0,0,1,0,0,0,0
622,3,30,12,76,0,0,0,0,1,0,0,0,1,0,0,1,1,0,0,0,0,0,0,0,0,2,1,0,0,0,0
623,2,42,10,147,0,0,0,0,0,0,0,0,1,0,2,0,0,0,2,0,0,0,1,0,0,0,2,0,1,0,0
624,1,2,7,136,0,1,2,1,0,0,0,0,0,0,0,0,0,0,0,0,0,0,0,0,0,0,0,3,0,0,0
625,3,28,13,114,0,1,0,0,1,1,1,0,0,0,0,1,1,0,0,0,1,0,0,0,0,0,2,0,1,0,0
626,8,1,10,18,1,2,0,0,0,0,0,0,0,1,0,0,0,0,0,0,0,0,1,1,0,0,1,0,0,0,0
627,6,0,15,95,0,0,0,1,0,0,0,0,0,0,1,0,0,0,0,0,0,0,0,1,0,0,2,0,1,0,0
628,2,1,10,165,0,0,0,0,0,0,0,0,1,0,2,0,0,0,3,0,0,0,1,0,0,0,2,0,1,0,0
629,7,20,9,54,0,2,0,0,1,0,0,0,0,0,0,0,0,0,0,0,2,0,0,0,0,0,0,0,0,0,0
630,5,0,10,99,0,0,0,0,3,0,0,0,0,0,0,1,1,0,0,3,0,0,0,0,1,0,0,0,0,1,0
631,4,16,11,117,0,0,2,0,0,0,0,0,0,0,2,0,0,2,0,0,0,0,0,1,0,0,2,0,0,0,0
632,1,24,9,186,0,1,0,0,0,0,0,0,0,0,1,0,0,0,0,0,0,0,1,1,0,0,0,0,0,0,2
633,5,4,10,103,0,0,0,0,1,0,0,0,0,0,0,0,1,0,0,2,0,0,0,0,0,1,0,0,0,2,0
634,8,2,8,59,0,1,0,0,1,0,2,0,0,0,0,0,0,0,0,0,0,0,2,0,0,0,0,0,0,0,0
635,7,1,8,39,0,0,0,0,0,0,0,0,1,0,4,0,0,0,2,0,0,0,1,0,0,0,2,0,0,0,0
636,3,0,11,114,0,0,0,1,0,0,0,0,1,0,1,0,0,0,0,0,0,0,1,1,0,2,0,0,0,0,0
637,4,0,14,97,0,0,0,0,0,0,0,0,0,0,2,1,0,0,0,0,0,0,0,1,1,0,3,0,1,0,0
638,2,1,10,129,1,4,0,0,0,0,0,0,0,1,0,0,0,0,0,0,0,0,1,1,0,0,0,0,0,0,0
639,6,6,9,99,0,0,0,0,0,4,0,0,1,0,1,1,0,0,0,0,0,0,0,0,0,0,1,0,0,0,0
640,2,31,11,184,0,0,0,0,1,0,1,0,0,1,2,0,0,0,0,0,0,0,2,0,0,0,2,0,0,0,0
641,6,52,9,55,0,0,0,0,0,1,3,0,0,0,0,0,0,0,0,0,0,0,0,0,0,0,0,0,0,0,0
642,3,2,10,126,0,0,0,0,1,0,0,0,0,0,4,0,0,0,0,0,2,0,1,0,0,0,2,0,0,0,0
643,7,1,9,43,0,1,0,0,0,0,0,0,1,0,0,0,0,0,0,0,0,0,0,0,0,0,0,0,0,0,2
644,5,0,8,77,0,0,0,0,0,0,0,0,0,0,3,0,0,0,0,0,0,0,2,0,0,0,2,0,0,0,0
645,1,7,20,258,0,0,0,0,0,0,0,0,0,1,0,0,1,0,0,0,0,0,0,0,0,0,1,0,1,0,0
646,8,57,11,24,0,0,0,0,0,0,0,0,0,0,0,0,0,0,0,0,2,0,0,0,0,1,1,0,0,0,0
647,4,0,11,140,0,0,0,0,3,0,0,1,0,0,0,0,1,0,0,0,0,0,0,0,0,0,1,0,0,0,0
648,6,4,11,67,0,1,0,0,1,0,0,0,0,0,0,0,0,2,0,0,0,0,0,0,0,0,0,0,0,0,0
649,4,2,9,94,1,0,1,0,0,4,0,0,0,0,0,0,0,1,0,0,0,0,0,0,0,0,0,0,0,0,0
650,5,0,9,38,0,0,0,0,0,0,0,1,0,0,0,0,0,1,0,0,0,1,0,0,0,0,3,0,0,0,0
651,8,11,11,17,0,0,0,0,0,0,0,0,0,0,2,0,0,0,0,0,1,0,0,0,0,0,2,0,0,0,0
652,1,3,12,247,0,0,0,0,2,0,1,0,1,0,0,1,0,0,0,0,0,0,0,0,1,1,0,0,0,0,0
653,2,4,8,123,0,1,0,0,0,0,0,0,0,0,1,0,0,0,0,0,0,0,0,1,0,0,0,0,0,0,1
654,7,0,10,60,1,4,0,0,0,0,0,0,0,1,0,0,0,0,0,0,0,0,1,0,0,0,0,0,0,0,1
655,3,1,13,110,0,0,0,0,1,0,0,0,0,0,0,1,0,0,0,0,0,0,0,3,0,0,0,0,0,0,0
656,3,3,12,106,0,1,0,0,0,0,0,0,0,1,1,0,0,0,0,0,0,0,1,0,0,0,1,0,0,0,2
657,5,8,6,65,1,0,3,1,0,0,0,0,0,0,0,0,0,0,0,0,0,0,0,0,0,0,0,1,0,0,0
658,2,0,13,133,1,3,0,0,0,0,0,0,0,1,0,0,0,0,0,0,0,0,1,1,0,0,0,0,1,0,0
659,6,0,10,61,0,0,0,0,1,0,0,0,0,0,0,0,0,0,0,0,2,1,0,0,0,0,1,0,0,0,0
660,1,1,12,227,0,0,1,1,1,0,0,0,0,0,2,0,0,0,0,0,0,0,0,3,0,0,1,0,0,0,0
661,8,50,11,17,0,0,0,0,1,0,2,0,0,0,0,0,0,0,0,0,0,0,1,1,0,0,1,0,0,0,0
662,4,0,10,129,0,0,0,0,0,0,0,0,1,0,1,0,0,0,2,0,0,0,0,0,0,0,3,0,1,0,0
663,7,1,12,51,0,1,0,0,1,0,0,0,0,0,0,0,0,0,0,0,2,0,0,0,0,0,0,0,1,0,0
664,5,1,11,95,0,0,0,0,0,0,0,0,0,0,0,0,0,0,2,0,0,0,0,0,0,0,1,0,1,0,0
665,6,0,9,67,0,0,3,0,0,0,0,0,0,0,0,0,0,1,0,0,0,0,0,1,0,0,0,0,0,0,0
666,8,1,12,49,0,0,0,1,0,0,0,1,0,0,0,0,0,0,0,0,1,0,0,0,0,0,3,0,0,0,0
667,1,25,10,183,0,1,0,1,0,0,0,0,0,0,1,0,0,0,0,0,0,0,1,1,0,0,0,0,0,0,2
668,2,0,9,140,0,0,0,0,0,3,0,0,0,0,0,0,0,1,0,0,0,0,0,0,0,0,0,0,0,0,0
669,3,15,16,157,0,0,0,0,0,2,0,0,0,0,0,1,1,0,0,0,0,0,0,0,0,0,1,0,1,0,0
670,7,50,10,69,1,0,0,0,0,3,0,0,0,1,0,0,0,0,0,0,0,0,0,0,0,0,0,0,0,0,0
671,4,0,10,97,0,0,0,1,0,0,0,1,0,0,0,0,0,0,0,0,0,0,0,0,0,0,3,0,0,0,0
672,3,20,12,134,0,0,0,1,1,0,0,0,0,0,0,0,0,0,0,0,0,0,0,3,1,0,0,0,0,0,0
673,8,0,8,27,0,0,2,0,0,0,0,0,0,0,0,0,0,0,0,0,0,0,0,0,0,0,0,2,0,0,0
674,5,3,10,84,0,1,0,0,0,1,0,0,0,0,0,1,0,2,0,0,0,0,0,0,0,0,0,0,1,0,0
675,6,2,14,84,0,0,0,3,1,0,0,0,0,0,0,0,1,0,0,0,0,0,0,0,0,0,0,0,1,0,0
676,2,0,7,133,1,0,2,1,0,0,0,0,0,0,0,0,0,0,0,0,0,0,0,1,0,0,0,1,0,0,0
677,4,6,8,124,0,0,2,1,0,0,0,0,0,0,0,0,0,0,0,0,0,0,0,0,0,0,1,2,0,0,0
678,7,1,9,50,1,0,0,0,0,3,0,0,0,0,0,0,0,0,0,0,0,0,0,0,0,0,1,0,0,0,0
679,1,16,9,149,0,0,0,0,0,0,0,0,0,0,1,0,0,0,2,0,0,0,1,1,0,0,2,0,0,0,0
680,7,0,9,47,3,0,1,1,0,0,0,0,0,0,0,0,0,0,0,0,0,0,0,0,0,0,0,0,0,0,0
681,2,20,10,214,0,0,0,0,0,0,0,0,1,0,2,0,0,0,3,0,0,0,1,1,0,0,2,0,1,0,0
682,1,1,12,146,0,0,0,0,1,0,0,1,0,0,0,1,0,0,0,0,1,2,0,0,1,0,0,0,1,0,0
683,3,1,10,156,1,0,0,1,0,3,0,0,0,0,0,0,0,0,0,0,0,0,0,0,0,0,0,0,0,0,0
684,5,0,12,64,0,0,0,0,1,1,0,0,0,0,1,1,0,0,0,0,1,0,0,1,1,0,0,0,0,0,0
685,4,0,14,120,2,1,0,0,2,1,0,0,0,1,0,1,1,0,0,0,0,0,0,0,1,0,0,0,0,1,0
686,8,50,9,23,0,2,0,0,0,0,0,0,0,0,1,0,0,0,0,0,0,0,1,1,0,0,0,0,0,0,1
687,6,24,9,69,0,0,1,0,0,0,0,0,1,0,1,0,0,0,0,0,0,0,0,0,0,0,2,0,0,0,0
688,5,15,10,90,0,1,0,0,0,0,0,0,0,0,0,0,0,0,0,0,0,0,0,0,0,0,1,0,0,0,2
689,2,1,9,138,1,0,0,1,0,3,0,0,0,0,0,0,0,0,0,0,0,0,0,0,0,0,0,0,0,0,0
690,1,3,10,201,0,0,0,0,0,0,0,0,1,0,2,0,0,0,3,0,0,0,1,1,0,0,2,0,1,0,0
691,3,1,10,99,1,0,0,0,0,0,0,0,0,0,0,0,0,0,0,0,1,3,0,0,0,1,0,0,0,1,0
692,7,4,10,52,0,0,0,0,1,0,0,0,0,0,1,0,0,0,0,0,1,0,0,0,0,0,2,0,0,0,0
693,4,1,8,90,0,2,0,0,1,0,0,0,0,0,0,0,0,0,0,0,2,0,0,0,0,0,0,0,0,0,0
694,6,1,9,80,0,0,0,0,0,2,0,0,0,0,0,0,0,1,0,0,0,0,0,0,0,0,1,0,0,0,0
695,8,58,10,8,1,0,0,0,0,1,0,0,0,0,1,0,0,0,0,1,0,0,0,0,0,0,0,0,0,0,0
696,5,1,13,92,0,0,0,0,0,0,0,0,0,1,0,0,0,0,3,0,0,0,1,1,0,0,1,0,1,0,0
697,2,0,11,152,3,0,0,1,0,0,0,0,0,0,0,0,1,0,0,0,0,3,0,0,0,0,0,0,0,0,0
698,8,23,5,34,0,0,1,1,0,0,0,0,0,0,0,0,0,0,0,0,0,0,0,0,0,0,0,3,0,0,0
699,6,20,10,76,3,0,0,0,0,1,0,0,0,0,0,0,0,0,0,0,0,0,0,0,0,0,1,0,0,0,0
700,1,8,12,173,0,1,0,0,0,0,0,0,0,1,2,0,0,0,0,0,1,0,1,0,0,0,1,0,0,0,0
701,7,12,11,31,0,0,0,0,2,0,1,0,0,0,0,1,0,0,0,0,0,0,0,1,1,0,0,0,0,1,0
702,3,7,11,106,0,0,0,1,1,0,0,0,0,0,0,0,0,0,0,0,0,0,0,2,0,0,0,0,0,0,0
703,4,28,10,120,0,0,0,0,1,1,0,0,0,0,0,0,0,0,0,1,1,0,0,0,1,1,0,0,0,2,0
704,3,1,13,85,0,0,0,1,0,0,0,0,0,0,0,1,0,0,0,0,0,0,1,1,0,2,0,0,1,0,0
705,7,2,11,36,0,0,0,0,0,0,0,0,1,0,1,0,1,0,3,0,0,0,1,1,0,0,1,0,0,0,0
706,4,2,14,91,0,0,0,0,0,0,0,0,1,1,0,0,0,0,0,0,0,0,0,0,0,3,0,0,0,1,0
707,2,4,13,157,0,0,1,1,1,0,0,0,0,0,1,1,0,0,0,0,0,0,0,3,0,0,1,0,1,0,0
708,6,1,14,73,0,0,0,0,1,0,0,0,1,0,1,2,0,0,0,0,0,0,0,1,1,1,1,0,1,0,0
709,1,1,12,200,0,0,0,0,1,0,0,1,0,0,0,0,0,0,0,0,2,3,0,0,0,1,0,0,0,0,0
710,8,41,8,35,0,1,0,0,0,0,0,0,0,0,0,0,0,0,0,0,0,0,0,0,0,0,0,0,0,0,2
711,5,1,10,110,2,0,0,1,0,0,0,0,0,1,0,0,0,0,0,0,0,0,0,0,0,0,3,0,0,0,0
712,4,1,12,104,0,0,0,0,1,0,0,0,1,0,1,2,0,0,0,0,0,0,0,1,1,1,0,0,0,0,0
713,1,9,11,95,0,1,0,0,0,0,0,0,0,0,1,0,0,0,0,0,0,1,1,1,0,0,0,0,0,0,2
714,2,22,10,144,0,0,0,0,2,0,0,0,0,0,0,0,0,0,0,0,0,0,0,0,1,1,0,0,0,1,0
715,3,67,11,146,1,0,0,0,0,0,0,0,0,0,0,1,0,0,0,0,1,2,0,0,0,1,0,0,0,1,0
716,5,19,9,97,0,1,1,0,0,1,0,0,1,0,1,0,0,1,0,0,0,0,0,1,0,0,0,0,0,0,0
717,6,0,10,95,3,1,0,1,0,0,0,0,0,0,0,0,1,0,0,0,0,0,0,0,0,0,0,0,0,0,0
718,8,0,10,72,0,0,0,0,0,0,0,0,1,1,1,0,0,0,0,0,0,0,2,0,0,0,3,0,0,0,0
719,7,9,12,87,0,0,0,1,0,0,0,0,0,0,1,0,0,0,0,0,0,0,1,0,0,1,3,0,0,0,0
720,4,1,10,86,0,0,0,0,2,0,0,1,0,0,0,0,1,0,0,0,2,0,0,0,0,0,0,0,0,0,0
721,5,4,10,86,1,2,0,0,0,0,0,0,0,1,1,0,0,0,0,0,0,0,2,1,0,0,2,0,0,0,0
722,6,2,12,68,0,0,0,0,2,0,0,0,0,0,0,1,1,0,0,0,0,0,0,0,0,1,1,0,0,0,0
723,1,1,11,221,0,0,0,0,0,0,0,0,1,0,1,0,0,0,3,0,0,0,1,1,0,0,2,0,1,0,0
724,3,0,10,121,0,0,0,0,0,3,1,0,0,0,0,1,0,0,0,0,0,0,0,0,0,0,0,0,1,0,0
725,7,1,11,59,0,0,0,0,1,0,0,0,0,0,0,0,0,0,0,0,2,0,0,0,0,0,2,0,0,0,0
726,2,3,12,159,0,0,0,1,1,0,0,0,0,0,0,1,0,0,0,0,0,0,0,3,1,0,0,0,0,0,0
727,8,0,13,44,0,0,0,0,1,0,0,0,0,0,0,0,1,0,0,2,0,0,0,0,0,0,3,0,1,1,0
728,8,1,8,93,0,0,0,0,0,0,0,0,1,0,3,0,0,0,2,0,0,0,1,1,0,0,3,0,0,0,0
729,7,0,10,54,0,0,0,0,2,0,3,0,0,0,0,0,0,0,0,0,0,0,0,0,0,0,0,0,0,0,0
730,6,0,9,83,0,0,0,0,1,0,0,1,0,0,0,0,0,0,0,0,2,0,0,0,0,0,1,0,0,0,0
731,5,1,12,129,0,0,0,0,0,0,0,0,0,1,2,0,0,0,0,0,0,0,3,0,0,0,1,0,1,0,0
732,2,1,11,160,0,1,0,0,0,0,0,0,0,1,0,0,0,0,0,0,0,0,1,0,0,0,0,0,0,0,2
733,4,2,10,136,1,0,0,1,0,3,0,0,0,0,0,0,0,0,0,0,0,0,0,0,0,0,1,0,0,0,0
734,1,5,9,168,0,0,1,1,0,0,0,0,0,0,2,0,0,0,0,0,0,0,1,0,0,0,2,3,0,0,0
735,3,0,11,84,0,0,0,0,1,0,0,1,0,0,0,0,0,0,0,0,2,0,0,0,0,0,3,0,0,0,0
736,3,1,11,127,1,0,0,1,0,0,0,0,1,1,2,0,0,0,0,0,0,0,1,0,0,1,1,0,0,0,0
737,7,0,9,23,0,1,0,0,0,0,0,0,0,0,1,0,0,0,0,0,0,0,0,0,0,1,2,0,0,0,2
738,6,9,10,51,0,1,0,0,1,1,0,0,0,0,0,0,0,1,0,0,1,0,0,0,0,0,0,0,0,0,0
739,4,16,11,66,0,0,0,0,1,2,1,0,0,0,0,0,0,0,0,0,0,0,0,0,1,0,0,0,0,1,0
740,8,27,6,18,1,0,1,1,0,0,0,0,0,0,0,0,0,0,0,0,0,0,0,0,0,0,0,0,0,0,0
741,5,1,8,26,0,1,0,0,0,0,0,0,0,0,0,0,0,0,0,0,0,0,0,0,0,0,0,0,0,0,2
742,1,4,15,205,0,0,0,0,0,1,0,0,1,0,1,0,1,0,1,0,0,0,0,0,0,0,2,0,1,0,0
743,2,1,15,173,0,0,0,0,2,0,0,0,0,1,0,0,1,0,0,0,2,0,0,0,0,0,0,0,1,0,0
744,2,0,9,127,0,1,0,0,1,1,4,0,0,0,0,0,0,0,0,0,0,0,0,0,0,0,0,0,0,0,0
745,1,1,10,103,1,0,3,1,0,0,0,0,0,0,0,0,0,0,0,0,0,0,0,0,0,0,0,0,1,0,0
746,4,1,10,118,0,1,0,1,0,0,0,0,0,0,2,0,0,0,0,0,0,0,1,1,0,0,0,0,0,0,2
747,6,0,9,86,0,0,2,1,0,0,0,0,0,0,0,1,0,0,0,0,0,0,0,1,0,0,0,1,1,0,0
748,7,3,13,92,0,0,0,0,1,0,0,0,0,0,0,0,0,0,0,0,2,1,0,1,0,0,1,0,0,0,0
749,3,1,15,107,0,0,0,0,0,0,0,1,0,1,0,0,1,1,0,0,0,0,0,0,0,0,3,0,0,0,0
750,8,2,8,75,0,1,0,0,0,0,0,0,0,0,1,0,0,0,0,0,0,0,1,1,0,0,0,0,0,0,2
751,5,11,18,128,0,0,0,0,1,0,0,0,0,1,1,0,1,0,0,0,0,0,0,0,0,0,1,0,1,1,0
752,8,50,9,45,0,0,0,0,0,0,0,0,1,0,2,0,0,0,1,0,0,0,2,0,0,0,2,0,0,0,0
753,4,0,10,110,4,0,0,1,0,0,0,0,0,1,0,0,0,0,0,0,0,2,0,0,0,0,0,0,0,0,0
754,3,1,9,120,4,0,0,0,0,2,0,0,0,0,0,0,0,0,0,0,0,0,0,0,0,0,0,0,0,0,0
755,5,1,9,89,0,0,2,0,0,0,0,0,0,0,0,0,0,2,0,0,0,0,0,0,0,0,0,0,0,0,0
756,1,3,14,151,1,0,0,0,0,3,0,0,0,0,0,1,0,0,0,0,1,0,1,0,0,0,0,0,1,0,0
757,6,31,6,85,0,0,2,1,0,0,0,0,0,0,0,0,0,0,0,0,0,0,0,0,0,0,0,2,0,0,0
758,2,13,8,110,0,0,0,0,0,0,0,0,0,0,1,0,0,0,2,0,0,0,1,1,0,0,2,0,0,0,0
759,7,10,8,81,0,0,1,1,0,0,0,0,0,0,0,0,0,0,0,0,0,0,1,0,0,0,1,2,0,0,0
760,6,0,10,53,1,0,0,0,0,0,0,0,0,0,0,0,0,0,0,0,1,3,0,0,0,1,0,0,0,1,0
761,5,1,11,83,0,1,0,0,0,0,0,0,0,0,3,0,0,0,0,0,0,0,1,1,0,0,2,0,0,0,1
762,7,0,11,26,0,0,0,1,0,0,0,0,1,0,2,1,0,0,0,0,0,0,0,0,0,2,3,0,0,0,0
763,1,8,12,172,0,3,0,0,0,0,0,0,0,0,3,0,0,0,0,0,0,0,0,0,0,0,1,0,0,0,0
764,3,4,11,143,2,0,0,0,0,2,0,0,0,1,0,0,0,0,0,0,0,0,0,0,0,0,1,0,0,0,0
765,8,0,10,38,0,0,0,0,1,0,3,0,0,0,1,0,0,0,0,0,0,0,0,0,0,0,0,0,0,0,0
766,2,3,10,185,0,0,1,1,0,0,0,0,0,1,0,0,0,0,0,0,0,0,1,0,0,0,0,3,1,0,0
767,4,3,11,121,1,0,0,0,0,3,0,0,0,1,0,0,0,0,0,0,0,0,0,0,0,0,0,0,0,0,0
768,3,0,12,152,0,0,0,0,1,1,0,0,0,0,1,0,0,0,0,0,2,0,0,0,0,0,3,0,0,0,0
769,5,5,3,102,0,0,0,1,0,0,0,0,0,0,0,0,0,0,0,0,0,0,0,0,0,0,0,0,0,0,0
770,7,1,9,53,0,0,0,0,1,0,3,0,0,0,0,0,0,0,0,0,0,0,0,0,0,0,0,0,0,1,0
771,8,0,13,22,0,0,0,0,1,0,0,0,0,0,0,0,1,0,0,0,2,0,0,0,0,1,0,0,1,0,0
772,1,19,11,141,0,1,0,0,0,0,0,0,0,1,0,0,0,0,0,0,0,0,1,0,0,0,0,0,0,0,2
773,6,4,9,98,0,0,1,0,0,0,0,0,0,0,0,0,0,2,0,0,0,0,0,0,0,0,2,0,0,0,0
774,4,1,7,98,0,0,2,1,0,0,0,0,0,0,0,0,0,0,0,0,0,0,0,0,0,0,0,2,0,0,0
775,2,9,13,188,0,0,0,2,0,0,0,0,0,0,0,0,0,0,0,0,0,0,0,1,0,2,1,0,0,0,0
